ClaimID,PolicyID,ClaimDate,ClaimType,ReportedDamage,NumParties,Description,ClaimComplexityLabel,FraudLabel
CLM-000002,POL-000005,2023/4/6 2:32,Theft/Comprehensive,942.0350234,1,"This claim involves a theft incident affecting a single vehicle, resulting in a loss amounting to $942.04. Fortunately, there were no injuries reported during this event.",Simple,0
CLM-000003,POL-000010,2024/2/13 4:09,Fender-Bender,8242.200484,2,"A minor fender-bender involving two vehicles resulted in damages totaling $8,242.20, but fortunately, no injuries were reported in the incident.",Simple,0
CLM-000004,POL-000012,2023/10/4 8:37,Fender-Bender,9452.744495,2,"This fender-bender involved two vehicles, resulting in significant damage amounting to $9,452.74. Fortunately, there were no injuries reported from the accident.",Simple,0
CLM-000005,POL-000026,2023/5/10 23:21,Theft/Comprehensive,813.5274116,1,"This claim involves the theft of a single vehicle, resulting in damages amounting to $813.53. Fortunately, no injuries were reported in this incident.",Simple,1
CLM-000015,POL-000115,2024/3/23 1:12,Fender-Bender,5081.606817,1,"This claim arises from a fender-bender involving one vehicle, resulting in damages totaling $5,081.61. Fortunately, there were no injuries sustained in the accident.",Simple,0
CLM-000016,POL-000140,2024/2/21 18:31,Theft/Comprehensive,2887.436843,1,"This claim involves a comprehensive theft incident affecting a single vehicle, resulting in a loss of $2,887.44. Fortunately, there were no injuries reported during the event.",Simple,1
CLM-000017,POL-000142,2023/8/13 0:27,Fender-Bender,6589.073445,2,"A fender-bender involving two vehicles resulted in damage totaling $6,589.07, but fortunately, no injuries were reported in the incident. Both parties emerged unscathed despite the collision.",Simple,0
CLM-000019,POL-000151,2024/11/8 11:45,Theft/Comprehensive,1364.40282,1,"This claim involves a theft incident affecting one vehicle, resulting in damages totaling $1,364.40. Thankfully, there were no injuries reported in connection with this event.",Simple,0
CLM-000020,POL-000154,2024/4/27 15:20,Theft/Comprehensive,1133.279409,2,"This claim involves a comprehensive theft with a reported damage of $1,133.28, affecting two vehicles. Thankfully, there were no injuries sustained during the incident.",Simple,0
CLM-000022,POL-000174,2024/6/17 8:19,Theft/Comprehensive,555.2088344,2,"This claim relates to a theft incident involving two vehicles, with damages amounting to $555.21. Fortunately, there were no injuries reported during this event.",Simple,0
CLM-000024,POL-000187,2023/12/28 14:41,Major Collision,21519.02021,1,"The major collision incurred damages amounting to $21,519.02, and unfortunately, it resulted in at least one injury. As a result of the accident, medical attention was required for those involved.",Moderate,0
CLM-000027,POL-000191,2023/10/6 12:24,Fender-Bender,8886.948292,1,"This fender-bender resulted in significant damage amounting to $8,886.95, but fortunately, no injuries were reported. Only one vehicle was involved in the incident.",Simple,0
CLM-000028,POL-000204,2024/5/3 8:39,Theft/Comprehensive,1287.688692,2,"This claim involves a theft incident with two vehicles affected, resulting in damages amounting to $1,287.69. Fortunately, there were no injuries reported during this occurrence.",Simple,0
CLM-000029,POL-000208,2023/11/26 14:20,Theft/Comprehensive,1260.376734,5,"This claim, totaling $1,260.38, involves the theft of a vehicle in an incident that affected five vehicles. Fortunately, there were no injuries reported.",Moderate,0
CLM-000035,POL-000250,2024/2/5 4:13,Fender-Bender,2674.601522,1,"A fender-bender involving one vehicle resulted in damages amounting to $2,674.60. Thankfully, there were no injuries reported in the accident.",Simple,0
CLM-000036,POL-000250,2023/11/5 4:13,Theft/Comprehensive,1033.860032,2,"This claim pertains to a theft incident involving two vehicles, resulting in damages totaling $1,033.86. Fortunately, no injuries were reported during the occurrence.",Simple,0
CLM-000037,POL-000250,2023/2/27 4:13,Theft/Comprehensive,1400.088972,2,"This claim involves a theft incident impacting two vehicles, resulting in damages totaling $1,400.09. Fortunately, no injuries were reported for anyone involved in the incident.",Simple,1
CLM-000040,POL-000261,2024/4/1 23:54,Theft/Comprehensive,1809.84171,2,"This claim pertains to a theft incident involving two vehicles, resulting in damages amounting to $1,809.84. Fortunately, no injuries were reported during the event.",Simple,0
CLM-000041,POL-000262,2024/8/17 12:44,Fender-Bender,5288.591085,1,"This fender-bender resulted in damages totaling $5,288.59, but fortunately, no injuries were reported. Only one vehicle was involved in the incident.",Simple,0
CLM-000042,POL-000263,2024/5/4 7:01,Major Collision,12449.70567,4,"A major collision involving four vehicles led to significant damage totaling $12,449.71, with reports of injuries sustained by at least one individual in the accident. The impact of the crash highlights the serious nature of the incident.",Complex,0
CLM-000044,POL-000267,2023/8/22 13:17,Fender-Bender,7099.386063,2,"This fender-bender involved two vehicles and resulted in damages totaling $7,099.39. Fortunately, no injuries were reported for anyone involved in the incident.",Simple,0
CLM-000046,POL-000284,2023/10/9 0:01,Theft/Comprehensive,1068.538122,2,"This claim involves a theft incident with damage totaling $1,068.54, affecting two vehicles. Fortunately, there were no injuries reported.",Simple,0
CLM-000047,POL-000286,2023/9/25 20:34,Theft/Comprehensive,4191.237586,1,"This claim involves a theft incident affecting a single vehicle, resulting in damages amounting to $4,191.24. Thankfully, there were no injuries reported during the event.",Simple,0
CLM-000052,POL-000332,2023/2/28 6:53,Theft/Comprehensive,1898.222331,2,"This claim concerns a theft incident involving two vehicles, resulting in damages amounting to $1,898.22. Fortunately, no injuries were reported during this event.",Simple,0
CLM-000058,POL-000356,2023/11/22 22:28,Theft/Comprehensive,9768.63103,1,"This claim is for a theft incident involving a single vehicle, resulting in damages totaling $9,768.63. Thankfully, there were no injuries reported during this incident.",Simple,0
CLM-000059,POL-000359,2024/6/26 17:34,Major Collision,12595.45082,5,"A major collision involving five vehicles resulted in significant damages totaling $12,595.45, with one or more individuals sustaining injuries in the incident. Emergency services arrived promptly to assist the injured parties at the scene.",Complex,0
CLM-000063,POL-000393,2023/8/21 9:59,Major Collision,2311.752796,1,"The major collision incurred damage totaling $2,311.75 to the vehicle, and unfortunately, it resulted in one or more injuries. While only one vehicle was involved, the impact of the accident was significant, highlighting the seriousness of the situation.",Moderate,0
CLM-000064,POL-000393,2024/1/28 9:59,Theft/Comprehensive,2187.972889,2,"This claim involves a theft incident with damages totaling $2,187.97 and two vehicles affected. Fortunately, there were no injuries reported in this situation.",Simple,1
CLM-000065,POL-000400,2024/4/8 16:49,Theft/Comprehensive,1266.302521,1,"This claim is for a theft incident involving one vehicle, resulting in damages of $1,266.30. Fortunately, there were no injuries reported during this incident.",Simple,0
CLM-000068,POL-000413,2023/8/3 11:59,Theft/Comprehensive,2175.741537,1,"This claim involves a theft incident where one vehicle was damaged, resulting in a loss of $2,175.74. Fortunately, there were no injuries reported.",Simple,0
CLM-000078,POL-000499,2023/6/19 6:25,Major Collision,4480.498874,2,"This major collision, involving two vehicles, resulted in injuries to at least one party. The damages amount to $4,480.50 as a result of the accident.",Moderate,1
CLM-000079,POL-000505,2023/9/5 12:59,Theft/Comprehensive,1942.743476,1,"This claim involves the theft of a single vehicle, resulting in damages totaling $1,942.74. Thankfully, no injuries were reported during this incident.",Simple,0
CLM-000081,POL-000509,2023/12/13 6:03,Fender-Bender,2980.111967,2,"In a fender-bender involving two vehicles, the incident resulted in injuries to at least one person and damage totaling $2,980.11. Both parties are seeking assistance with their claims as they navigate through the aftermath of this unfortunate collision.",Moderate,0
CLM-000082,POL-000513,2023/11/1 8:08,Fender-Bender,2130.862988,2,"This fender-bender involved two vehicles and resulted in damages amounting to $2,130.86. Fortunately, there were no injuries reported in the accident.",Simple,0
CLM-000086,POL-000532,2024/5/4 16:06,Theft/Comprehensive,2189.461977,1,"This claim involves the theft of a single vehicle, resulting in damages amounting to $2,189.46. Fortunately, there were no injuries reported in connection with this incident.",Simple,0
CLM-000087,POL-000532,2024/4/9 16:06,Fender-Bender,18472.53761,1,"A fender-bender resulted in significant damage totaling $18,472.54 to the single vehicle involved, but fortunately, there were no injuries reported in the incident.",Simple,0
CLM-000088,POL-000532,2023/11/9 16:06,Major Collision,5449.281964,2,"A major collision involving two vehicles resulted in significant damage amounting to $5,449.28. Unfortunately, the accident also led to one or more injuries among those involved.",Moderate,0
CLM-000094,POL-000571,2024/2/1 1:43,Major Collision,30547.24226,2,"In a major collision involving two vehicles, damages amounted to $30,547.24, and the accident unfortunately resulted in multiple injuries. The severity of the injuries is currently being assessed to determine the necessary medical response.",Complex,0
CLM-000101,POL-000635,2024/9/9 23:15,Theft/Comprehensive,1315.440533,2,"This claim relates to a theft incident involving two vehicles, resulting in damages amounting to $1,315.44. Fortunately, no injuries were reported during the event.",Simple,0
CLM-000102,POL-000646,2023/9/26 0:07,Theft/Comprehensive,1690.809227,2,"This claim pertains to a theft incident involving two vehicles, resulting in damages totaling $1,690.81. Fortunately, there were no injuries reported during the event.",Simple,0
CLM-000103,POL-000647,2023/6/6 5:07,Fender-Bender,5574.654322,2,"On a recent fender-bender involving two vehicles, there were no injuries reported, despite the damage totaling $5,574.65. Both parties involved have confirmed their well-being following the incident.",Simple,0
CLM-000105,POL-000659,2024/5/14 8:10,Theft/Comprehensive,1459.729699,1,"This claim involves a theft incident with no injuries reported. The total damage amounts to $1,459.73 for the single vehicle affected.",Simple,0
CLM-000107,POL-000687,2023/9/9 11:26,Major Collision,15559.81691,1,"This claim pertains to a major collision involving a single vehicle, resulting in damage amounting to $15,559.82. Fortunately, there were no injuries sustained in the incident.",Simple,0
CLM-000108,POL-000696,2024/4/18 10:07,Fender-Bender,5372.629953,2,"A fender-bender involving two vehicles resulted in damages totaling $5,372.63, but fortunately, no injuries were reported in the incident. Both parties were unharmed, allowing them to focus on resolving the damage.",Simple,1
CLM-000109,POL-000699,2023/12/19 10:21,Fender-Bender,6307.245349,5,"A fender-bender involving five vehicles resulted in damage totaling $6,307.25. Fortunately, there were no injuries reported in this accident.",Moderate,0
CLM-000113,POL-000728,2023/12/3 7:21,Fender-Bender,7022.526204,2,"A fender-bender between two vehicles caused significant damage totaling $7,022.53, but fortunately, there were no injuries reported in the accident.",Simple,0
CLM-000118,POL-000786,2023/9/20 15:40,Fender-Bender,4594.03102,1,"This claim involves a fender-bender incident that resulted in damage amounting to $4,594.03 for one vehicle. Thankfully, there were no injuries reported in the accident.",Simple,1
CLM-000120,POL-000797,2023/7/12 6:00,Fender-Bender,3854.940185,2,"This fender-bender involved two vehicles and resulted in damage totaling $3,854.94. Fortunately, there were no injuries reported.",Simple,0
CLM-000123,POL-000823,2023/7/13 4:07,Theft/Comprehensive,5667.271535,1,"This claim pertains to a theft incident involving a single vehicle, resulting in damages amounting to $5,667.27. Fortunately, no injuries were reported during the event.",Simple,0
CLM-000124,POL-000825,2024/1/2 3:27,Fender-Bender,6295.809031,2,"A minor fender-bender involving two vehicles resulted in damages totaling $6,295.81; fortunately, no injuries were reported in the incident. All parties involved were unharmed, allowing for a quick exchange of information.",Simple,0
CLM-000129,POL-000854,2023/9/21 11:41,Theft/Comprehensive,2196.80157,4,"This claim involves a theft incident affecting four vehicles, leading to a reported damage amount of $2,196.80. Fortunately, there were no injuries sustained during the event.",Moderate,0
CLM-000132,POL-000885,2023/12/19 19:53,Theft/Comprehensive,1583.422645,2,"This claim involves a theft incident affecting two vehicles, resulting in damages amounting to $1,583.42. Fortunately, no injuries were reported during the event.",Simple,0
CLM-000136,POL-000954,2023/10/7 18:05,Theft/Comprehensive,2605.934845,1,"This claim, amounting to $2,605.93, involves a single vehicle theft with no injuries reported. Fortunately, there were no injuries sustained during this incident.",Simple,0
CLM-000137,POL-000963,2024/2/20 7:59,Theft/Comprehensive,1118.065035,1,"This claim involves a theft where a single vehicle was targeted, resulting in damages amounting to $1,118.07. Fortunately, there were no injuries reported during this incident.",Simple,0
CLM-000142,POL-000988,2024/11/5 21:11,Theft/Comprehensive,4994.569287,1,"This claim involves a theft incident with losses amounting to $4,994.57 related to a single vehicle. Fortunately, there were no injuries reported during this event.",Simple,0
CLM-000143,POL-000988,2024/8/16 21:11,Theft/Comprehensive,1935.594994,3,"This claim involves a theft incident affecting three vehicles, resulting in damages amounting to $1,935.59. Thankfully, there were no injuries reported during the incident.",Simple,0
CLM-000144,POL-000993,2023/8/29 8:47,Fender-Bender,4168.227468,1,"A minor fender-bender resulted in vehicle damage estimated at $4,168.23, but thankfully, there were no injuries involved in the incident. Only one vehicle was affected in this accident.",Simple,0
CLM-000146,POL-001020,2024/9/10 21:41,Fender-Bender,6036.991635,2,"This fender-bender involved two vehicles and resulted in damages totaling $6,036.99. Fortunately, there were no injuries reported as a result of the accident.",Simple,0
CLM-000147,POL-001020,2023/11/23 21:41,Theft/Comprehensive,1399.892396,2,"This claim involves a comprehensive theft incident involving two vehicles, resulting in a loss of $1,399.89. Fortunately, there were no injuries reported during this incident.",Simple,1
CLM-000149,POL-001030,2024/3/1 12:55,Fender-Bender,2603.022933,2,"This fender-bender involving two vehicles resulted in damages totaling $2,603.02, but fortunately, no injuries were reported. All parties involved were unharmed.",Simple,0
CLM-000150,POL-001032,2023/9/8 11:22,Major Collision,3078.850456,2,"This major collision involving two vehicles resulted in injuries to one or more individuals, with damage estimated at $3,078.85. The impact of the accident has led to significant concerns regarding the health and safety of those involved.",Moderate,1
CLM-000152,POL-001060,2023/11/30 7:51,Fender-Bender,7129.852492,2,"This claim involves a minor fender-bender between two vehicles, resulting in damages amounting to $7,129.85. Thankfully, there were no injuries reported as a result of the accident.",Simple,0
CLM-000153,POL-001064,2023/3/2 6:36,Theft/Comprehensive,2942.982361,1,"This claim involves a theft of a single vehicle, resulting in damages amounting to $2,942.98. Fortunately, there were no injuries reported during the incident.",Simple,1
CLM-000157,POL-001099,2024/4/6 13:44,Major Collision,5598.743081,2,"The major collision involving two vehicles resulted in significant damage estimated at $5,598.74 and unfortunately left one or more individuals injured. The incident highlights the serious consequences of such accidents, underscoring the importance of road safety.",Moderate,0
CLM-000160,POL-001135,2023/12/26 18:38,Major Collision,25073.65317,2,"This major collision involving two vehicles has led to injuries, resulting in significant damage estimated at $25,073.65. The incident underscores the serious nature of the crash and the impact on those involved.",Complex,0
CLM-000161,POL-001136,2023/2/7 5:57,Major Collision,1489.048972,2,"A serious collision involving two vehicles resulted in damages amounting to $1,489.05 and left one or more individuals injured. The incident underscores the significant impact of the crash on those involved.",Moderate,0
CLM-000168,POL-001166,2023/5/20 5:42,Theft/Comprehensive,2123.772558,2,"This claim involves a theft incident affecting two vehicles, resulting in damages totaling $2,123.77. Thankfully, there were no injuries reported in this incident.",Simple,0
CLM-000169,POL-001168,2024/2/2 0:50,Theft/Comprehensive,1359.52038,1,"This claim pertains to a theft involving one vehicle, resulting in damages totaling $1,359.52. Fortunately, there were no injuries reported during this incident.",Simple,0
CLM-000174,POL-001208,2024/6/7 6:46,Theft/Comprehensive,5723.93934,2,"This claim involves a theft incident resulting in damage totaling $5,723.94 to two vehicles, fortunately without any injuries reported. Both vehicles were targeted, but the occupants were unharmed during the event.",Simple,0
CLM-000175,POL-001208,2024/5/28 6:46,Fender-Bender,7746.65257,1,"This fender-bender resulted in significant damage amounting to $7,746.65, but thankfully, no injuries were reported. Only one vehicle was involved in the incident.",Simple,0
CLM-000176,POL-001235,2023/10/25 7:32,Fender-Bender,4048.404851,2,"This claim involves a minor fender-bender between two vehicles, resulting in damages totaling $4,048.40. Fortunately, there were no injuries reported in the incident.",Simple,0
CLM-000177,POL-001241,2024/3/19 16:54,Theft/Comprehensive,7119.986445,1,"This claim pertains to a theft incident involving a single vehicle, resulting in a loss of $7,119.99. Thankfully, no injuries occurred during this event.",Simple,0
CLM-000178,POL-001244,2023/8/29 19:54,Fender-Bender,1990.737098,5,"A minor fender-bender involving five vehicles resulted in damages totaling $1990.74, but fortunately, no injuries were reported. All parties involved are safe and the incident is being handled.",Moderate,0
CLM-000179,POL-001250,2023/9/5 6:28,Theft/Comprehensive,2578.398865,1,"This claim involves a theft of an insured vehicle with damages totaling $2,578.40. Fortunately, no injuries occurred during the incident, as only one vehicle was involved.",Simple,1
CLM-000181,POL-001294,2024/3/3 6:27,Fender-Bender,15824.15753,2,"This fender-bender accident, involving two vehicles, resulted in significant damage amounting to $15,824.16, but thankfully, no injuries were reported for anyone involved.",Simple,0
CLM-000182,POL-001295,2023/6/25 22:45,Theft/Comprehensive,386.9361993,1,"This claim involves the theft of a single vehicle, resulting in damages amounting to $386.94. Fortunately, no injuries were reported during the incident.",Simple,0
CLM-000184,POL-001325,2023/10/21 2:01,Major Collision,17242.26491,5,"This major collision involved five vehicles and resulted in significant damage amounting to $17,242.26. Unfortunately, the accident also led to one or more injuries, highlighting the serious nature of the incident.",Complex,0
CLM-000185,POL-001325,2024/1/24 2:01,Major Collision,20477.25453,2,"The major collision involving two vehicles led to injuries sustained by at least one party, resulting in damages totaling $20,477.25. This unfortunate incident highlights the serious consequences that can arise from such accidents.",Complex,0
CLM-000188,POL-001354,2024/4/20 7:41,Major Collision,9099.297173,1,"The major collision resulted in significant damage estimated at $9,099.30 to the single vehicle involved, and unfortunately, one or more injuries were sustained in the incident. Emergency services attended the scene to assist those affected.",Moderate,1
CLM-000189,POL-001354,2023/12/9 7:41,Fender-Bender,11215.10727,1,"This claim involves a fender-bender incident that caused damage amounting to $11,215.11. Fortunately, there were no injuries reported, and only one vehicle was involved in the accident.",Simple,0
CLM-000201,POL-001479,2023/3/9 23:52,Fender-Bender,1625.677226,1,"This claim pertains to a minor fender-bender involving one vehicle, resulting in damages amounting to $1,625.68. Fortunately, there were no injuries reported from the incident.",Simple,0
CLM-000202,POL-001487,2024/1/19 14:41,Fender-Bender,1093.164578,1,"In a minor fender-bender, one vehicle sustained damage amounting to $1,093.16. Unfortunately, the accident also resulted in injuries to one or more parties involved.",Moderate,0
CLM-000203,POL-001496,2023/5/30 20:26,Theft/Comprehensive,2898.002779,2,"This claim involves a theft from two vehicles, resulting in damages totaling $2,898. Fortunately, no injuries were reported during the incident.",Simple,0
CLM-000206,POL-001518,2024/3/2 10:10,Theft/Comprehensive,3995.791044,1,"This claim involves a single vehicle theft resulting in a loss of $3,995.79. Thankfully, there were no injuries reported during this incident.",Simple,0
CLM-000207,POL-001525,2024/1/29 2:11,Major Collision,13342.13239,2,"A major collision involving two vehicles resulted in significant damage amounting to $13,342.13. Fortunately, there were no injuries reported in this accident.",Simple,0
CLM-000214,POL-001578,2023/7/19 8:59,Theft/Comprehensive,2238.425248,1,"This claim pertains to a theft incident involving one vehicle, resulting in damages amounting to $2,238.43. Fortunately, no injuries were reported during this event.",Simple,1
CLM-000215,POL-001578,2023/6/6 8:59,Fender-Bender,5804.49119,2,"This fender-bender involved two vehicles and resulted in damages amounting to $5,804.49. Fortunately, there were no injuries reported in the accident.",Simple,0
CLM-000219,POL-001590,2023/4/17 0:39,Major Collision,8684.523332,1,"A major collision occurred involving one vehicle, resulting in substantial damage estimated at $8,684.52 and unfortunately, there were injuries sustained in the accident. The impact was severe, highlighting the need for prompt medical attention for those affected.",Moderate,0
CLM-000220,POL-001592,2024/4/19 1:59,Fender-Bender,7718.343123,1,"This claim involves a single vehicle fender-bender that resulted in damage totaling $7,718.34, fortunately with no injuries reported. The incident indicates a clear financial impact, but the absence of injuries is a relief.",Simple,0
CLM-000221,POL-001595,2024/9/12 8:34,Fender-Bender,4363.51039,2,"This fender-bender involved two vehicles and resulted in damages totaling $4,363.51. Fortunately, no injuries were reported in the incident.",Simple,0
CLM-000222,POL-001597,2024/5/29 4:09,Fender-Bender,9828.707375,2,"A fender-bender involving two vehicles resulted in significant damage amounting to $9,828.71, but fortunately, no injuries were reported in the incident. Both parties were unharmed, allowing for a swift resolution.",Simple,0
CLM-000225,POL-001608,2023/3/23 16:36,Major Collision,14339.80008,1,"This claim involves a major collision resulting in damage amounting to $14,339.80 to a single vehicle. Fortunately, there were no injuries reported in this incident.",Simple,0
CLM-000231,POL-001640,2024/1/16 8:50,Theft/Comprehensive,4721.423145,1,"This claim involves a theft of a single vehicle, resulting in a loss amounting to $4,721.42. Thankfully, no injuries were reported in connection with the incident.",Simple,0
CLM-000234,POL-001648,2024/1/1 4:39,Theft/Comprehensive,1186.436686,1,"This claim involves a theft incident affecting a single vehicle, resulting in damages amounting to $1,186.44. Fortunately, there were no injuries reported during the event.",Simple,0
CLM-000235,POL-001648,2024/2/24 4:39,Theft/Comprehensive,9801.231942,1,"This claim involves a single vehicle that was stolen, resulting in a loss of $9,801.23. Fortunately, there were no injuries reported during this incident.",Simple,0
CLM-000236,POL-001648,2024/2/19 4:39,Theft/Comprehensive,3125.69134,2,"This claim involves a theft incident resulting in damage valued at $3,125.69, affecting two vehicles. Fortunately, there were no injuries reported during the incident.",Simple,1
CLM-000237,POL-001649,2023/12/10 9:43,Theft/Comprehensive,895.9124136,2,"This claim involves a theft incident affecting two vehicles, resulting in damages of $895.91. Fortunately, there were no injuries reported during the event.",Simple,0
CLM-000245,POL-001680,2023/1/24 13:17,Theft/Comprehensive,2747.954228,4,"This claim involves a theft incident affecting four vehicles with damages totaling $2,747.95. Fortunately, there were no injuries reported during this event.",Moderate,0
CLM-000247,POL-001705,2023/10/3 22:32,Theft/Comprehensive,2510.152169,2,"This claim involves a theft incident resulting in damage amounting to $2,510.15, affecting two vehicles. Thankfully, there were no injuries reported in connection with this event.",Simple,0
CLM-000252,POL-001734,2024/9/30 11:52,Fender-Bender,4987.444266,2,"This claim involves a minor fender-bender between two vehicles, resulting in damages totaling $4,987.44. Thankfully, there were no injuries reported in the accident.",Simple,0
CLM-000253,POL-001734,2024/7/14 11:52,Theft/Comprehensive,1420.938361,1,"This claim involves a theft of a single vehicle with damage assessed at $1,420.94, and fortunately, no injuries were reported in the incident. The owner is seeking coverage for the loss under their comprehensive policy.",Simple,0
CLM-000254,POL-001751,2023/8/19 5:32,Theft/Comprehensive,708.9425196,2,"This claim is for theft involving two vehicles, with damages totaling $708.94. Thankfully, there were no injuries reported in the incident.",Simple,0
CLM-000256,POL-001788,2024/1/10 1:03,Theft/Comprehensive,1506.42505,2,"This claim pertains to a theft involving two vehicles, resulting in damages of $1,506.43. Fortunately, no injuries were reported during the incident.",Simple,0
CLM-000257,POL-001817,2023/5/6 11:49,Theft/Comprehensive,1986.769336,1,"A theft incident involving one vehicle resulted in damages amounting to $1,986.77. Thankfully, no injuries were reported in this case.",Simple,0
CLM-000259,POL-001837,2024/3/19 4:35,Theft/Comprehensive,7425.808815,1,"This claim involves a theft incident affecting a single vehicle, resulting in damages amounting to $7,425.81. Thankfully, there were no injuries reported during this event.",Simple,0
CLM-000261,POL-001854,2024/5/12 21:07,Theft/Comprehensive,1948.252907,1,"This is a theft claim involving a single vehicle, with damages amounting to $1,948.25. Fortunately, there were no injuries reported during the incident.",Simple,0
CLM-000262,POL-001854,2023/11/26 21:07,Theft/Comprehensive,2646.011649,1,"This claim involves a theft incident affecting a single vehicle with damages amounting to $2,646.01. Fortunately, no injuries were reported during this event.",Simple,0
CLM-000268,POL-001918,2023/3/20 0:00,Fender-Bender,8595.105683,1,"This claim involves a fender-bender incident with one vehicle, resulting in damages totaling $8,595.11. Thankfully, there were no injuries reported in this accident.",Simple,0
CLM-000272,POL-001943,2023/8/13 1:10,Fender-Bender,4504.539342,1,"This fender-bender incident resulted in damages totaling $4,504.54 to the vehicle involved. Fortunately, there were no injuries reported.",Simple,0
CLM-000274,POL-001949,2023/10/13 22:52,Fender-Bender,8834.710685,1,"This claim involves a fender-bender resulting in damage amounting to $8,834.71 to one vehicle. Fortunately, there were no injuries reported in the incident.",Simple,0
CLM-000276,POL-001956,2023/7/8 9:20,Theft/Comprehensive,1306.388307,2,"This claim involves a theft incident resulting in damages of $1,306.39 to two vehicles, with no injuries reported. Fortunately, all parties involved were unharmed during the incident.",Simple,0
CLM-000278,POL-001969,2024/2/26 9:50,Fender-Bender,10505.93536,2,"This claim involves a fender-bender between two vehicles, resulting in damages totaling $10,505.94. Fortunately, there were no injuries reported in the incident.",Simple,0
CLM-000281,POL-001997,2024/1/21 20:35,Fender-Bender,5891.705408,1,"This fender-bender resulted in damage totaling $5,891.71 to one vehicle, but fortunately, no injuries were reported in the incident. The accident involved only a single car, allowing for a swift resolution without any personal harm.",Simple,0
CLM-000282,POL-002004,2024/1/4 9:38,Theft/Comprehensive,3401.296186,1,"This claim involves a theft of a single vehicle, resulting in damages amounting to $3,401.30. Thankfully, no injuries were reported during the incident.",Simple,0
CLM-000285,POL-002028,2023/2/10 9:12,Theft/Comprehensive,3212.322066,2,"This claim involves a theft incident with two vehicles, resulting in damages totaling $3,212.32. Fortunately, there were no injuries reported during the incident.",Simple,1
CLM-000286,POL-002034,2024/4/3 5:52,Theft/Comprehensive,1507.244043,2,"This claim involves a theft incident affecting two vehicles, resulting in damages amounting to $1,507.24. Fortunately, there were no injuries reported during the event.",Simple,1
CLM-000287,POL-002041,2024/3/9 9:59,Theft/Comprehensive,3291.648679,1,"This claim is for a theft involving one vehicle, resulting in damages totaling $3,291.65. Fortunately, no injuries were reported during this incident.",Simple,0
CLM-000293,POL-002121,2023/11/29 15:30,Theft/Comprehensive,1715.143673,2,"This claim involves a theft incident resulting in damages of $1,715.14 affecting two vehicles, with no injuries reported. Thankfully, all parties involved were unharmed during this unfortunate event.",Simple,0
CLM-000296,POL-002141,2024/7/21 11:39,Fender-Bender,14436.89257,1,"This claim pertains to a fender-bender incident involving one vehicle, resulting in damages amounting to $14,436.89. Fortunately, no injuries were reported during the accident.",Simple,1
CLM-000299,POL-002162,2024/10/18 2:36,Theft/Comprehensive,6018.449806,2,"This claim involves a theft incident affecting two vehicles, resulting in damages totaling $6,018.45. Fortunately, there were no injuries reported during this event.",Simple,0
CLM-000303,POL-002170,2024/5/3 13:12,Theft/Comprehensive,1780.606014,1,"This claim involves the theft of a single vehicle with damages amounting to $1,780.61. Fortunately, no injuries resulted from this incident.",Simple,0
CLM-000307,POL-002217,2023/12/4 1:46,Theft/Comprehensive,6807.859113,1,"This claim involves a comprehensive theft of a single vehicle, resulting in damages amounting to $6,807.86. Fortunately, there were no injuries reported during this incident.",Simple,0
CLM-000308,POL-002217,2023/10/7 1:46,Theft/Comprehensive,1654.590274,1,"This claim pertains to a theft incident involving a single vehicle, resulting in damages amounting to $1,654.59. Thankfully, there were no injuries reported during the incident.",Simple,0
CLM-000309,POL-002220,2024/3/23 1:28,Theft/Comprehensive,2312.249318,2,"This claim involves a comprehensive theft incident that resulted in damages amounting to $2,312.25, affecting two vehicles. Thankfully, there were no injuries reported during the event.",Simple,0
CLM-000314,POL-002254,2023/8/7 11:18,Theft/Comprehensive,1805.306768,2,"This claim involves a theft incident resulting in damages of $1,805.31 affecting two vehicles. Fortunately, there were no injuries reported during the event.",Simple,0
CLM-000317,POL-002275,2024/5/24 23:50,Major Collision,2570.648994,2,"This claim pertains to a major collision involving two vehicles, resulting in damages totaling $2,570.65. Fortunately, there were no injuries reported during the incident.",Simple,0
CLM-000319,POL-002294,2024/7/24 7:33,Theft/Comprehensive,736.2892686,1,"This claim involves a theft incident affecting a single vehicle, resulting in damages amounting to $736.29. Thankfully, there were no injuries reported during the event.",Simple,0
CLM-000322,POL-002326,2024/5/19 3:09,Theft/Comprehensive,1009.649657,1,"This claim involves a theft incident affecting a single vehicle, resulting in damages amounting to $1009.65. Fortunately, there were no injuries reported in connection with this incident.",Simple,0
CLM-000324,POL-002360,2024/8/2 12:01,Theft/Comprehensive,891.7515321,2,"This claim involves a theft incident resulting in damage of $891.75 across two vehicles, with no injuries reported. Both parties were unharmed during the event, allowing for a straightforward resolution of the incident.",Simple,0
CLM-000325,POL-002362,2024/4/23 12:13,Theft/Comprehensive,3242.550932,2,"This claim involves a theft incident resulting in damage of $3,242.55, affecting two vehicles. Fortunately, there were no injuries reported during the incident.",Simple,0
CLM-000327,POL-002369,2024/12/18 4:11,Theft/Comprehensive,2909.67779,2,"This claim pertains to a theft incident involving two vehicles, resulting in a total damage amount of $2,909.68. Thankfully, no injuries were reported during this incident.",Simple,0
CLM-000328,POL-002377,2024/7/22 10:22,Theft/Comprehensive,3122.548257,2,"This claim pertains to a theft incident involving two vehicles, with a total damage amounting to $3122.55. Fortunately, no injuries were reported during the incident.",Simple,0
CLM-000329,POL-002381,2023/9/4 5:21,Fender-Bender,9654.332501,1,"In a fender-bender involving a single vehicle, the accident resulted in several injuries, with damages totaling $9,654.33. The extent of the injuries necessitated further evaluation, underscoring the seriousness of the incident.",Moderate,0
CLM-000330,POL-002386,2024/3/1 18:16,Theft/Comprehensive,1492.221821,1,"This claim involves the theft of a single vehicle, resulting in a loss valued at $1,492.22. Fortunately, no injuries were reported during the incident.",Simple,0
CLM-000333,POL-002428,2023/8/3 12:27,Fender-Bender,3754.86367,2,"This fender-bender involved two vehicles and resulted in injuries to at least one party. The total damage is estimated at $3,754.86.",Complex,0
CLM-000334,POL-002445,2024/3/24 2:04,Fender-Bender,3496.169093,1,"This claim involves a fender-bender that resulted in $3,496.17 worth of damage to one vehicle, with no injuries reported. Fortunately, everyone involved is safe, and we are now addressing the repairs needed.",Simple,0
CLM-000337,POL-002491,2024/5/13 18:19,Fender-Bender,10154.3162,1,"This fender-bender resulted in significant damage amounting to $10,154.32 to the vehicle involved, but fortunately, no injuries were reported. The accident was limited to one vehicle, preventing further complications.",Simple,0
CLM-000338,POL-002494,2024/3/21 7:44,Major Collision,11159.14554,5,"In a major collision involving five vehicles, the accident caused injuries to one or more individuals, leading to significant damage estimated at $11,159.15. The severity of the situation underscores the need for thorough investigation and support for those affected.",Complex,0
CLM-000339,POL-002497,2024/9/7 10:59,Theft/Comprehensive,3185.792143,1,"This claim involves the theft of a single vehicle, resulting in damages amounting to $3,185.79. Fortunately, there were no injuries reported in connection with this incident.",Simple,0
CLM-000340,POL-002504,2023/8/17 15:02,Theft/Comprehensive,2719.572505,1,"This claim pertains to a theft incident involving a single vehicle, resulting in damages totaling $2,719.57. Fortunately, no injuries were sustained during this event.",Simple,0
CLM-000341,POL-002513,2023/11/19 22:20,Fender-Bender,7717.428937,1,"A minor fender-bender resulted in damages amounting to $7,717.43 for the single vehicle involved. Fortunately, no injuries were reported from this incident.",Simple,0
CLM-000344,POL-002525,2023/11/29 9:41,Fender-Bender,4646.139756,1,"This claim involves a fender-bender with a single vehicle sustaining damage amounting to $4,646.14. Fortunately, no injuries occurred during the incident.",Simple,0
CLM-000345,POL-002528,2024/2/21 16:23,Theft/Comprehensive,6052.451491,3,"This claim involves a theft incident resulting in damages amounting to $6,052.45, affecting three vehicles. Fortunately, there were no injuries reported during this event.",Moderate,0
CLM-000346,POL-002528,2024/3/10 16:23,Theft/Comprehensive,1685.746741,2,"This claim involves a theft incident resulting in damages of $1,685.75, affecting two vehicles. Thankfully, no injuries were reported during the event.",Simple,0
CLM-000347,POL-002531,2023/10/21 5:04,Theft/Comprehensive,1705.552142,1,"This claim involves a theft incident affecting a single vehicle, resulting in a loss valued at $1,705.55. Fortunately, no injuries were reported during this event.",Simple,0
CLM-000348,POL-002536,2023/9/24 21:44,Theft/Comprehensive,5144.157784,1,"This claim pertains to a theft incident involving a single vehicle, resulting in damages amounting to $5,144.16. Thankfully, no injuries were sustained during the incident.",Simple,0
CLM-000349,POL-002537,2024/4/13 1:09,Theft/Comprehensive,6643.245459,2,"This claim involves a theft incident resulting in damages of $6,643.25 affecting two vehicles, with no injuries reported. Fortunately, everyone involved was unharmed during the event.",Simple,0
CLM-000351,POL-002566,2023/8/2 11:01,Theft/Comprehensive,1075.074211,3,"This claim involves a theft incident resulting in damages of $1,075.07 affecting three vehicles, with no injuries reported. The situation was fortunately handled without any harm to individuals involved.",Simple,0
CLM-000352,POL-002576,2023/12/9 3:51,Fender-Bender,15271.78878,1,"This fender-bender resulted in significant damage estimated at $15,271.79 to the single vehicle involved; fortunately, there were no injuries reported in the accident. The situation has been assessed, and we aim to resolve the claim promptly.",Simple,0
CLM-000355,POL-002582,2024/6/7 20:43,Theft/Comprehensive,1491.412812,1,"This claim involves a theft of a single vehicle, resulting in damages totaling $1,491.41. Fortunately, there were no injuries reported in the incident.",Simple,0
CLM-000356,POL-002585,2024/4/10 10:35,Fender-Bender,10926.49942,1,"A one-vehicle fender-bender resulted in injuries and damage totaling $10,926.50. Thankfully, there were no other vehicles involved in the accident.",Moderate,0
CLM-000357,POL-002591,2023/9/28 21:48,Fender-Bender,15016.92118,1,"This claim involves a fender-bender with damage amounting to $15,016.92, and thankfully, there were no injuries reported. Only one vehicle was involved in the accident, emphasizing the minor nature of the incident.",Simple,0
CLM-000358,POL-002598,2023/11/18 16:16,Theft/Comprehensive,2410.319999,1,"A theft incident involving a single vehicle resulted in damages totaling $2,410.32. Fortunately, there were no injuries reported during this event.",Simple,0
CLM-000359,POL-002653,2023/11/5 14:50,Fender-Bender,5440.887034,1,"This claim involves a fender-bender with damage totaling $5,440.89 to a single vehicle, the driver of which fortunately reported no injuries during the incident.",Simple,0
CLM-000360,POL-002655,2023/9/30 12:17,Theft/Comprehensive,4073.403475,1,"The vehicle was stolen, resulting in a loss valued at $4,073.40. Fortunately, there were no injuries reported in this incident.",Simple,0
CLM-000361,POL-002658,2023/4/6 3:31,Fender-Bender,5106.796709,1,"A minor fender-bender resulted in damage totaling $5,106.80 to a single vehicle. Fortunately, there were no injuries reported in this incident.",Simple,1
CLM-000362,POL-002658,2023/5/1 3:31,Theft/Comprehensive,2277.464546,4,"This claim reports a comprehensive theft involving four vehicles, resulting in a total damage amount of $2,277.46. Thankfully, there were no injuries reported during the incident.",Moderate,0
CLM-000363,POL-002668,2024/5/6 12:40,Fender-Bender,12943.9965,2,"In a recent fender-bender involving two vehicles, the collision caused significant damage estimated at $12,944.00 and resulted in injuries to one or more individuals involved in the accident.",Complex,0
CLM-000364,POL-002675,2023/12/18 0:21,Theft/Comprehensive,1578.573635,4,"This claim relates to a comprehensive theft incident involving four vehicles, with damages totaling $1,578.57. Fortunately, there were no injuries reported in connection with this case.",Moderate,0
CLM-000365,POL-002682,2023/10/29 6:28,Theft/Comprehensive,761.6493423,2,"This claim involves a theft incident resulting in damages of $761.65 to two vehicles. Thankfully, there were no injuries reported as a result of the theft.",Simple,0
CLM-000367,POL-002695,2023/6/5 4:09,Theft/Comprehensive,1494.071246,2,"This claim involves a theft incident affecting two vehicles, resulting in damages totaling $1,494.07. Thankfully, there were no injuries reported during the event.",Simple,0
CLM-000368,POL-002697,2024/2/29 21:12,Theft/Comprehensive,2414.163389,2,"This claim is for theft/comprehensive coverage involving two vehicles, with damages amounting to $2,414.16. Thankfully, there were no injuries reported in this incident.",Simple,0
CLM-000369,POL-002705,2024/8/30 5:40,Fender-Bender,9706.080201,1,"This claim involves a fender-bender with damages amounting to $9,706.08, and fortunately, no injuries were reported. The accident involved a single vehicle, and all parties are safe.",Simple,0
CLM-000370,POL-002739,2024/8/17 8:24,Theft/Comprehensive,2978.437235,2,"This claim involves a theft affecting two vehicles, with damages totaling $2,978.44. Fortunately, there were no injuries reported during the incident.",Simple,0
CLM-000372,POL-002773,2024/1/6 6:59,Theft/Comprehensive,4647.236501,1,"This claim pertains to the theft of a single vehicle, resulting in damage valued at $4,647.24. Fortunately, no injuries were reported during this incident.",Simple,0
CLM-000374,POL-002784,2023/9/1 5:41,Fender-Bender,6648.771755,2,"A fender-bender involving two vehicles resulted in damages amounting to $6,648.77, but thankfully, no injuries were reported in the incident. Both parties emerged unharmed despite the collision.",Simple,0
CLM-000375,POL-002798,2024/5/7 8:37,Theft/Comprehensive,968.3592357,2,"This claim involves a theft incident affecting two vehicles, resulting in damages totaling $968.36. Thankfully, no injuries were reported during the event.",Simple,0
CLM-000376,POL-002799,2023/11/6 18:20,Theft/Comprehensive,4095.936262,1,"This claim involves a theft incident affecting a single vehicle, resulting in damages amounting to $4,095.94. Fortunately, there were no injuries reported during this incident.",Simple,0
CLM-000377,POL-002799,2023/5/19 18:20,Fender-Bender,7425.343859,1,"This claim involves a fender-bender accident with damage assessed at $7,425.34. Fortunately, there were no injuries reported to anyone involved.",Simple,1
CLM-000378,POL-002812,2024/2/28 13:58,Fender-Bender,5620.69948,2,"This claim involves a fender-bender between two vehicles, resulting in damage totaling $5,620.70. Fortunately, there were no injuries reported from the accident.",Simple,0
CLM-000379,POL-002832,2024/4/16 2:02,Theft/Comprehensive,4765.098063,1,"This claim concerns a theft involving a single vehicle, resulting in damage totaling $4,765.10. Fortunately, there were no injuries reported during this incident.",Simple,0
CLM-000381,POL-002858,2024/3/10 19:12,Major Collision,9709.240869,2,"This major collision involving two vehicles resulted in injuries to one or more individuals, with damages estimated at $9,709.24. Emergency services responded, and further medical evaluation is anticipated for those affected.",Complex,0
CLM-000382,POL-002864,2024/11/2 21:31,Fender-Bender,21502.53205,2,"This fender-bender incident involved two vehicles and resulted in significant damage totaling $21,502.53. Fortunately, there were no injuries reported for either party involved in the accident.",Simple,0
CLM-000383,POL-002878,2023/11/15 21:09,Fender-Bender,6930.144406,1,"This fender-bender resulted in damage totaling $6,930.14 to a single vehicle, with no injuries reported. Thankfully, everyone involved emerged unscathed from the incident.",Simple,0
CLM-000387,POL-002899,2024/4/9 2:56,Theft/Comprehensive,1157.636033,1,"This claim involves a theft incident affecting a single vehicle, resulting in damages totaling $1,157.64. Fortunately, there were no injuries reported during the event.",Simple,0
CLM-000391,POL-002929,2023/12/1 12:47,Theft/Comprehensive,872.5769927,1,"This claim involves a theft incident with a single vehicle, resulting in damages amounting to $872.58. Fortunately, there were no injuries reported during the event.",Simple,0
CLM-000398,POL-002972,2023/9/27 22:38,Fender-Bender,11365.85811,2,"A fender-bender involving two vehicles resulted in damage estimated at $11,365.86. Fortunately, there were no injuries reported in this incident.",Simple,1
CLM-000399,POL-002981,2024/2/25 2:24,Theft/Comprehensive,5025.20535,1,"This claim involves a vehicle theft with damages totaling $5,025.21, affecting one vehicle. Fortunately, there were no injuries reported in this incident.",Simple,0
CLM-000401,POL-003009,2023/12/8 3:56,Theft/Comprehensive,3257.382711,2,"This claim involves a theft incident resulting in damages totaling $3,257.38, affecting two vehicles. Thankfully, there were no injuries reported during the event.",Simple,0
CLM-000406,POL-003082,2023/1/8 17:17,Theft/Comprehensive,810.5128066,1,"This claim involves a comprehensive theft incident affecting a single vehicle, resulting in damages amounting to $810.51. Fortunately, no injuries were sustained during the event.",Simple,1
CLM-000407,POL-003089,2023/9/2 18:38,Theft/Comprehensive,1233.056429,1,"This claim pertains to a theft incident involving a single vehicle, resulting in damages totaling $1,233.06. Fortunately, there were no injuries reported during this incident.",Simple,0
CLM-000411,POL-003094,2024/4/28 21:04,Fender-Bender,6920.244267,2,"This fender-bender involved two vehicles, resulting in significant damage amounting to $6,920.24, but thankfully, no injuries were reported. Both drivers are unharmed and are now addressing the necessary repairs.",Simple,0
CLM-000413,POL-003116,2024/3/1 17:47,Theft/Comprehensive,1200.97407,1,"This claim involves a theft for a single vehicle, resulting in damages amounting to $1,200.97. Fortunately, there were no injuries reported in this incident.",Simple,0
CLM-000414,POL-003117,2024/3/2 10:09,Fender-Bender,7984.146275,5,"In a fender-bender involving five vehicles, multiple individuals sustained injuries, leading to significant damages totaling $7,984.15. The accident underscores the complexities of vehicular collisions, particularly when several parties are involved.",Complex,0
CLM-000416,POL-003137,2024/7/20 21:18,Fender-Bender,14821.50217,1,"A fender-bender incident resulted in substantial damage of $14,821.50 to a single vehicle, and unfortunately, it also caused injuries to the occupants. The situation has been distressing, and we are seeking coverage for both the damages and medical expenses.",Moderate,0
CLM-000418,POL-003157,2024/6/19 8:43,Theft/Comprehensive,5155.333186,2,"This claim involves a theft incident resulting in damages totaling $5,155.33, affecting two vehicles. Fortunately, there were no injuries reported in the accident.",Simple,0
CLM-000420,POL-003175,2024/6/2 19:26,Fender-Bender,4368.810044,1,"This fender-bender resulted in damages amounting to $4,368.81 to a single vehicle, with no injuries reported. Fortunately, everyone involved was unharmed in this incident.",Simple,1
CLM-000421,POL-003184,2023/6/17 0:40,Theft/Comprehensive,1560.267202,1,"This claim involves a theft incident affecting a single vehicle, resulting in damages amounting to $1,560.27. Fortunately, there were no injuries reported during the event.",Simple,0
CLM-000423,POL-003201,2024/8/27 20:28,Theft/Comprehensive,1374.846658,4,"This claim involves a comprehensive theft situation affecting four vehicles, resulting in a total damage amount of $1,374.85. Fortunately, there were no injuries reported during this incident.",Moderate,0
CLM-000424,POL-003204,2023/10/3 13:55,Fender-Bender,8846.858489,5,"A fender-bender involving five vehicles resulted in significant damage totaling $8,846.86; fortunately, there were no injuries reported from the accident.",Moderate,0
CLM-000425,POL-003204,2023/9/6 13:55,Fender-Bender,27594.40906,2,"This fender-bender involved two vehicles and resulted in significant damage totaling $27,594.41. Fortunately, there were no injuries reported in the accident.",Simple,0
CLM-000426,POL-003219,2023/10/24 10:30,Theft/Comprehensive,1048.284329,2,"This claim pertains to a theft incident involving two vehicles, resulting in damages amounting to $1,048.28. Thankfully, there were no injuries reported during this event.",Simple,0
CLM-000429,POL-003260,2024/1/31 23:16,Theft/Comprehensive,679.9152308,2,"This claim pertains to a theft incident involving two vehicles, resulting in damages totaling $679.92. Fortunately, no injuries occurred during this event.",Simple,0
CLM-000433,POL-003274,2024/1/6 13:54,Fender-Bender,12430.64204,1,"This claim involves a fender-bender with a single vehicle suffering damage totaling $12,430.64. Thankfully, there were no injuries reported as a result of the accident.",Simple,0
CLM-000434,POL-003278,2023/3/1 15:55,Major Collision,5842.010663,1,"This major collision resulted in damage amounting to $5,842.01 to a single vehicle, but thankfully, there were no injuries reported. The incident involved only one vehicle and no other parties were affected.",Simple,1
CLM-000437,POL-003293,2024/6/16 9:13,Theft/Comprehensive,4852.062047,2,"This claim involves a theft incident affecting two vehicles, resulting in damage totaling $4,852.06. Fortunately, there were no injuries reported in the accident.",Simple,0
CLM-000438,POL-003311,2023/7/26 8:29,Theft/Comprehensive,1188.752648,1,"A theft incident involving a single vehicle resulted in damages totaling $1,188.75. Thankfully, there were no injuries reported during the event.",Simple,0
CLM-000441,POL-003336,2023/8/29 6:41,Theft/Comprehensive,3356.687392,2,"This claim involves a theft incident resulting in damages amounting to $3,356.69 across two vehicles, with no injuries reported. Fortunately, all parties involved were unharmed during the event.",Simple,0
CLM-000442,POL-003341,2023/8/14 22:28,Theft/Comprehensive,5714.968969,1,"This claim pertains to a theft incident involving a single vehicle, resulting in damages amounting to $5,714.97. Thankfully, no injuries were reported during this event.",Simple,0
CLM-000443,POL-003343,2023/6/22 5:19,Fender-Bender,9228.378947,2,"A minor fender-bender involving two vehicles resulted in damage amounting to $9,228.38. Fortunately, there were no injuries reported in this incident.",Simple,0
CLM-000444,POL-003364,2024/5/11 18:04,Theft/Comprehensive,8983.4538,2,"This claim concerns a theft incident involving two vehicles, resulting in damages amounting to $8,983.45. Fortunately, there were no injuries reported during this occurrence.",Simple,0
CLM-000446,POL-003367,2023/7/27 6:19,Theft/Comprehensive,1555.45921,2,"A theft incident involving two vehicles resulted in a damage claim of $1555.46. Fortunately, there were no injuries reported during the event.",Simple,0
CLM-000448,POL-003374,2024/5/16 19:26,Theft/Comprehensive,2076.513875,1,"This claim pertains to a theft incident involving a single vehicle, resulting in damages amounting to $2,076.51. Fortunately, no injuries were reported during the event.",Simple,0
CLM-000449,POL-003375,2024/10/2 2:05,Theft/Comprehensive,1186.238499,1,"Theft occurred involving a single vehicle, resulting in damages amounting to $1,186.24. Fortunately, there were no injuries reported from the incident.",Simple,0
CLM-000452,POL-003387,2024/3/16 15:18,Theft/Comprehensive,3220.765893,2,"This claim pertains to a theft incident involving two vehicles, with damages totaling $3,220.77. Thankfully, no injuries were reported during the event.",Simple,0
CLM-000453,POL-003389,2024/3/3 3:13,Major Collision,28725.97547,4,"The major collision involved four vehicles and caused significant damage totaling $28,725.98. Unfortunately, the accident resulted in injuries to one or more individuals, highlighting the severity of the incident.",Complex,0
CLM-000456,POL-003399,2024/5/12 21:19,Theft/Comprehensive,1952.594748,1,"This claim involves a theft of a single vehicle, incurring damages amounting to $1,952.59. Fortunately, there were no injuries sustained during this incident.",Simple,0
CLM-000458,POL-003415,2024/5/24 10:57,Fender-Bender,3762.879372,4,"This claim pertains to a fender-bender involving four vehicles, resulting in damage totaling $3,762.88. Fortunately, there were no injuries reported in the incident.",Moderate,0
CLM-000459,POL-003420,2023/5/25 23:36,Major Collision,5818.123409,1,"The driver experienced injuries as a result of a major collision involving their vehicle, which sustained significant damage amounting to $5,818.12. Fortunately, only one vehicle was involved in the incident.",Moderate,0
CLM-000461,POL-003426,2024/6/30 22:51,Fender-Bender,7580.308092,2,"This fender-bender involved two vehicles and resulted in damages totaling $7,580.31. Fortunately, there were no injuries reported in the accident.",Simple,0
CLM-000462,POL-003426,2024/5/28 22:51,Major Collision,12856.04484,1,"This claim arises from a major collision, resulting in damages amounting to $12,856.04 to the single vehicle involved. Fortunately, there were no injuries reported in the accident.",Simple,0
CLM-000463,POL-003432,2024/5/18 18:35,Fender-Bender,5125.290421,1,"A minor fender-bender occurred involving one vehicle, resulting in damages totaling $5,125.29. Fortunately, no injuries were reported in this incident.",Simple,0
CLM-000465,POL-003436,2023/8/25 22:45,Fender-Bender,6381.225631,1,"A fender-bender resulted in significant damage totaling $6,381.23 to the vehicle involved, and unfortunately, there were one or more injuries sustained in the incident. The circumstances of the accident have left the injured party seeking assistance through this claim.",Moderate,0
CLM-000467,POL-003485,2023/11/25 14:41,Theft/Comprehensive,729.8066708,2,"This claim pertains to a theft event involving two vehicles, resulting in damages amounting to $729.81. Fortunately, there were no injuries reported during the incident.",Simple,0
CLM-000468,POL-003495,2024/3/27 5:50,Major Collision,26746.47379,1,"This major collision, involving a single vehicle, resulted in injuries to the driver and led to significant damages totaling $26,746.47. The incident underscores the seriousness of the accident and the impact on those involved.",Moderate,0
CLM-000469,POL-003508,2024/1/25 9:28,Theft/Comprehensive,525.0704236,2,"This claim involves a theft incident resulting in damages amounting to $525.07 across two vehicles, with no injuries reported. Both vehicles were affected, but thankfully, no one was hurt during the incident.",Simple,0
CLM-000471,POL-003532,2023/9/26 20:43,Fender-Bender,4556.585543,1,"This claim involves a fender-bender with damage totaling $4,556.59. Fortunately, there were no injuries reported in the incident despite the significant vehicle damage.",Simple,0
CLM-000476,POL-003548,2023/7/29 3:57,Theft/Comprehensive,1789.551408,2,"This claim pertains to a theft incident involving two vehicles, resulting in damages amounting to $1,789.55. Fortunately, there were no injuries reported during this event.",Simple,1
CLM-000477,POL-003558,2024/8/8 9:25,Theft/Comprehensive,3843.90377,1,"This claim involves a theft incident affecting a single vehicle, resulting in damages amounting to $3,843.90. Thankfully, there were no injuries reported during the event.",Simple,0
CLM-000478,POL-003561,2023/3/6 0:48,Fender-Bender,7598.899567,2,"This fender-bender involved two vehicles and resulted in substantial damages totaling $7,598.90. Fortunately, there were no injuries reported for either party involved in the accident.",Simple,0
CLM-000481,POL-003589,2023/5/25 22:49,Fender-Bender,4642.220993,2,"In a minor fender-bender involving two vehicles, there were no injuries reported. The damage amounts to $4,642.22.",Simple,0
CLM-000483,POL-003611,2024/9/30 0:39,Theft/Comprehensive,1067.989544,1,"This claim involves a theft incident where one vehicle was targeted, resulting in damages amounting to $1,067.99. Thankfully, there were no injuries reported during this unfortunate event.",Simple,0
CLM-000484,POL-003611,2024/7/17 0:39,Theft/Comprehensive,4841.390524,5,"This claim concerns a theft involving five vehicles, resulting in damages totaling $4,841.39. Fortunately, there were no injuries reported in this incident.",Moderate,0
CLM-000486,POL-003645,2023/11/21 23:59,Major Collision,11149.92807,1,"In a major collision involving one vehicle, the incident caused injuries that required medical attention, alongside significant damage amounting to $11,149.93. Fortunately, the full extent of the injuries is still being assessed, but it is clear that the accident had serious consequences.",Moderate,0
CLM-000488,POL-003680,2023/6/13 7:01,Fender-Bender,6245.927636,1,"This claim involves a fender-bender resulting in damage estimated at $6,245.93 to a single vehicle. Thankfully, there were no injuries reported in the incident.",Simple,0
CLM-000489,POL-003692,2024/5/25 21:06,Fender-Bender,4195.013139,2,"In a recent fender-bender involving two vehicles, damages totaled $4,195.01, and unfortunately, there were injuries reported as a result of the collision. The incident highlights the potential risks on the road, emphasizing the need for cautious driving.",Moderate,0
CLM-000490,POL-003706,2024/8/31 14:58,Fender-Bender,17578.83664,1,"A fender-bender occurred involving one vehicle, resulting in significant damage amounting to $17,578.84. Fortunately, there were no injuries reported in the accident.",Simple,0
CLM-000491,POL-003706,2024/3/22 14:58,Fender-Bender,15730.11988,2,"This fender-bender involved two vehicles resulting in damage totaling $15,730.12, but fortunately, there were no injuries reported in the accident.",Simple,0
CLM-000492,POL-003712,2023/2/21 13:52,Theft/Comprehensive,470.0917853,1,"This claim involves a theft incident where a single vehicle was affected, resulting in damages totaling $470.09. Thankfully, no injuries were reported in relation to this event.",Simple,0
CLM-000493,POL-003715,2023/12/15 23:22,Theft/Comprehensive,1601.767399,1,"This claim involves a theft incident resulting in damages of $1,601.77 to a single vehicle. Fortunately, there were no injuries reported in connection with this event.",Simple,0
CLM-000494,POL-003715,2023/11/3 23:22,Theft/Comprehensive,4320.250358,1,"This claim pertains to a theft involving a single vehicle, resulting in a loss valued at $4,320.25. Thankfully, no injuries were reported during the incident.",Simple,0
CLM-000497,POL-003741,2023/12/4 0:56,Theft/Comprehensive,1167.442679,1,"This claim involves a comprehensive theft of a single vehicle, resulting in a loss amounting to $1,167.44. Fortunately, no injuries were reported during the incident.",Simple,0
CLM-000499,POL-003751,2023/9/24 10:15,Fender-Bender,2929.657363,2,"In a fender-bender accident involving two vehicles, injuries were reported, with damages totaling $2,929.66. The collision has raised concerns regarding the well-being of those involved, underscoring the importance of safety on the road.",Moderate,1
CLM-000500,POL-003752,2024/4/16 13:40,Theft/Comprehensive,2059.217895,1,"This claim involves a theft incident resulting in damages amounting to $2059.22 for a single vehicle, with no injuries reported. The vehicle was targeted, but thankfully, no individuals were harmed during the incident.",Simple,0
CLM-000501,POL-003752,2023/8/19 13:40,Fender-Bender,14289.48504,2,"This claim involves a fender-bender between two vehicles, resulting in damages totaling $14,289.49. Fortunately, there were no injuries reported in the accident.",Moderate,0
CLM-000502,POL-003760,2024/1/14 6:13,Theft/Comprehensive,2466.940065,2,"This claim involves a theft of a vehicle, with damages totaling $2,466.94 and two vehicles affected. Fortunately, there were no injuries reported in the incident.",Simple,0
CLM-000503,POL-003764,2024/8/27 14:28,Major Collision,7372.370072,1,"A major collision resulted in significant damage totaling $7,372.37 to the vehicle involved, but fortunately, no injuries were reported in the incident.",Simple,0
CLM-000504,POL-003776,2024/2/27 14:20,Fender-Bender,2509.012534,1,"This claim pertains to a fender-bender involving a single vehicle, resulting in damages amounting to $2,509.01. Fortunately, no injuries were reported from the incident.",Simple,0
CLM-000506,POL-003793,2024/5/13 10:26,Theft/Comprehensive,3870.457516,1,"This claim pertains to a theft incident involving a single vehicle, resulting in damages totaling $3,870.46. Fortunately, there were no injuries reported in connection with this incident.",Simple,0
CLM-000507,POL-003793,2023/11/25 10:26,Major Collision,66896.87772,1,"This major collision resulted in significant damage amounting to $66,896.88 and involved one vehicle. Several injuries were reported as a consequence of the accident.",Complex,0
CLM-000510,POL-003802,2023/10/16 22:45,Theft/Comprehensive,4044.01819,2,"This claim involves a theft incident with damages amounting to $4,044.02, affecting two vehicles. Thankfully, there were no injuries reported during the incident.",Simple,0
CLM-000514,POL-003846,2023/7/13 20:15,Theft/Comprehensive,1652.76072,2,"This theft incident resulted in damages totaling $1,652.76 involving two vehicles, but fortunately, there were no injuries reported. The claim falls under comprehensive coverage due to the nature of the theft.",Simple,0
CLM-000517,POL-003866,2023/7/28 0:27,Theft/Comprehensive,1453.808755,2,"This claim pertains to a theft involving two vehicles, resulting in damage amounting to $1453.81. Fortunately, there were no injuries reported during this incident.",Simple,0
CLM-000518,POL-003875,2023/4/20 6:50,Theft/Comprehensive,1731.686052,2,"This claim involves a theft incident affecting two vehicles, resulting in damages totaling $1,731.69. Fortunately, no injuries were reported during the event.",Simple,0
CLM-000519,POL-003897,2023/12/20 15:19,Fender-Bender,4360.983807,2,"This fender-bender involved two vehicles, resulting in damages amounting to $4,360.98. Thankfully, there were no injuries reported from the accident.",Simple,0
CLM-000520,POL-003900,2024/3/4 22:57,Major Collision,6088.449022,1,"The accident resulted in a major collision involving one vehicle, causing injuries to the occupants. The cost of the damages amounts to $6,088.45, highlighting the severity of the incident.",Moderate,0
CLM-000521,POL-003909,2023/7/11 21:12,Fender-Bender,5038.709044,2,"A fender-bender involving two vehicles caused significant damage amounting to $5,038.71, and unfortunately, there were injuries reported as a result of the collision. The accident highlights the unforeseen risks of driving and the serious consequences that can arise even from minor incidents.",Moderate,0
CLM-000522,POL-003914,2023/5/13 8:20,Major Collision,7231.392649,1,"This claim involves a major collision resulting in substantial damage amounting to $7,231.39 to a single vehicle; fortunately, there were no injuries reported in the incident.",Simple,0
CLM-000523,POL-003916,2024/5/4 6:14,Fender-Bender,8782.755161,2,"This is a fender-bender involving two vehicles with damage totaling $8,782.76. Fortunately, no injuries were reported in the accident.",Simple,0
CLM-000524,POL-003923,2024/1/11 13:39,Theft/Comprehensive,1217.809406,1,"This claim involves a theft of a single vehicle, resulting in a loss valued at $1,217.81. Thankfully, there were no injuries reported related to this incident.",Simple,0
CLM-000525,POL-003928,2023/11/7 12:06,Theft/Comprehensive,6669.686952,2,"This claim involves a theft incident resulting in damage amounting to $6,669.69 to two vehicles. Fortunately, no injuries were reported during the incident.",Simple,0
CLM-000527,POL-003955,2023/11/22 2:47,Fender-Bender,7071.441043,2,"A minor fender-bender involving two vehicles resulted in damage totaling $7,071.44, but fortunately, there were no injuries reported. Both drivers were unharmed during the incident.",Simple,1
CLM-000529,POL-004010,2024/1/15 19:26,Theft/Comprehensive,2259.428705,2,"This claim pertains to a theft incident involving two vehicles, resulting in damages totaling $2,259.43. Fortunately, no injuries were reported during the event.",Simple,0
CLM-000531,POL-004037,2023/4/13 11:05,Fender-Bender,19676.89835,5,"This fender-bender involved five vehicles and resulted in substantial damage totaling $19,676.90; fortunately, there were no injuries reported. All parties involved were unharmed, but the incident required significant vehicle assessments due to the extent of the damage.",Moderate,0
CLM-000533,POL-004046,2023/11/20 22:10,Fender-Bender,6575.568797,1,"A single vehicle was involved in a fender bender, leading to damages totaling $6,575.57. Unfortunately, the incident also resulted in one or more injuries, highlighting the need for medical attention.",Moderate,0
CLM-000536,POL-004062,2023/10/10 23:54,Theft/Comprehensive,1852.032539,2,"This claim involves a theft incident where two vehicles were affected, resulting in damages totaling $1,852.03. Fortunately, no injuries were reported during the event.",Simple,0
CLM-000538,POL-004067,2023/11/28 14:52,Major Collision,5506.638183,1,"This major collision caused significant damage to the vehicle, amounting to $5,506.64, and resulted in one or more injuries. Fortunately, only one vehicle was involved in the incident.",Moderate,1
CLM-000539,POL-004069,2024/3/7 18:55,Fender-Bender,7274.416287,1,"This claim pertains to a fender-bender incident involving one vehicle, resulting in damages amounting to $7,274.42. Fortunately, there were no reported injuries sustained during the accident.",Simple,0
CLM-000540,POL-004084,2024/8/1 14:39,Theft/Comprehensive,1853.428031,2,"This claim involves a theft incident affecting two vehicles, resulting in damages totaling $1,853.43. Fortunately, there were no injuries reported during this event.",Simple,0
CLM-000542,POL-004094,2023/10/12 14:04,Theft/Comprehensive,1050.334538,2,"This claim involves a theft incident with two vehicles affected, resulting in damages totaling $1,050.33. Fortunately, there were no injuries reported in this accident.",Simple,0
CLM-000544,POL-004127,2024/2/16 17:40,Theft/Comprehensive,1052.999719,1,"This claim involves a theft incident where one vehicle was compromised, resulting in damages amounting to $1,053. Fortunately, no injuries were reported during the event.",Simple,0
CLM-000545,POL-004137,2023/8/25 12:24,Fender-Bender,9756.174267,2,"A fender-bender involving two vehicles has resulted in damages totaling $9,756.17, along with one or more reported injuries. The collision highlights the importance of caution on the road, as individuals involved may require medical attention.",Complex,0
CLM-000546,POL-004139,2023/12/19 6:41,Fender-Bender,18172.75384,1,"A fender-bender incident involving one vehicle resulted in damages totaling $18,172.75, but thankfully, no injuries were reported. The driver is seeking coverage for the repairs needed due to this unfortunate accident.",Simple,0
CLM-000547,POL-004145,2023/11/29 1:10,Fender-Bender,4404.382461,1,"This claim involves a fender-bender causing damage estimated at $4,404.38 to a single vehicle, with no injuries reported during the incident. Fortunately, all parties emerged unscathed despite the damage.",Simple,0
CLM-000548,POL-004146,2024/4/1 3:13,Theft/Comprehensive,2366.242853,1,"This claim involves a theft incident involving one vehicle, resulting in damages amounting to $2,366.24. Fortunately, there were no injuries reported in the incident.",Simple,0
CLM-000550,POL-004153,2024/6/9 15:54,Theft/Comprehensive,3141.665582,1,"This claim involves a theft of a single vehicle with damages amounting to $3,141.67. Thankfully, no injuries were reported during this incident.",Simple,0
CLM-000553,POL-004159,2024/8/15 20:01,Fender-Bender,10548.7005,3,"This fender-bender involved three vehicles and resulted in damage totaling $10,548.70, but thankfully, there were no injuries reported. The accident appears to have caused significant damage, yet all parties involved walked away unscathed.",Moderate,0
CLM-000555,POL-004161,2023/10/30 8:20,Major Collision,9707.297861,1,"The major collision caused significant damage totaling $9,707.30 to the vehicle involved and unfortunately resulted in one or more injuries. Despite the severity of the incident, the extent of the injuries and the current medical status remain to be assessed.",Moderate,1
CLM-000556,POL-004173,2024/4/14 11:46,Major Collision,16953.08295,2,"This major collision involved two vehicles and resulted in significant damage totaling $16,953.08; fortunately, there were no injuries reported in the incident.",Simple,0
CLM-000558,POL-004204,2023/10/9 8:15,Fender-Bender,8477.884035,1,"This claim involves a single-vehicle fender-bender resulting in damages amounting to $8,477.88. Fortunately, there were no injuries reported in the accident.",Simple,0
CLM-000559,POL-004209,2024/5/13 21:29,Theft/Comprehensive,1268.578077,1,"This claim involves a theft incident with a reported damage of $1268.58. Thankfully, no injuries occurred during this event, which involved only one vehicle.",Simple,0
CLM-000560,POL-004226,2024/2/23 10:14,Fender-Bender,6253.700064,2,"Two vehicles were involved in a fender-bender that resulted in significant damage amounting to $6,253.70, but fortunately, there were no injuries reported in the incident.",Simple,0
CLM-000562,POL-004243,2023/4/17 13:51,Fender-Bender,8609.076748,1,"Involved in a fender-bender, the vehicle sustained damages totaling $8,609.08. Unfortunately, the incident also led to one or more injuries, highlighting the incident's severity despite being a single-vehicle accident.",Moderate,0
CLM-000563,POL-004262,2024/4/15 14:22,Theft/Comprehensive,1119.499583,1,"The claim involves a theft of a single vehicle, resulting in damages amounting to $1,119.50. Fortunately, there were no injuries reported in this incident.",Simple,0
CLM-000566,POL-004275,2024/5/8 7:43,Fender-Bender,6412.973042,1,"This fender-bender resulted in damages amounting to $6,412.97, but fortunately, no injuries were reported. Only one vehicle was involved in the incident.",Simple,0
CLM-000570,POL-004326,2024/3/7 17:48,Fender-Bender,15606.57978,2,"A minor fender-bender involving two vehicles resulted in $15,606.58 worth of damage, but fortunately, there were no injuries reported in the incident. Both parties were unharmed despite the extent of the vehicle damage.",Simple,0
CLM-000571,POL-004332,2023/7/18 5:59,Theft/Comprehensive,1552.494536,2,"This claim pertains to a theft involving two vehicles, resulting in damages totaling $1552.49. Thankfully, there were no injuries reported during the incident.",Simple,0
CLM-000572,POL-004341,2023/1/9 13:13,Theft/Comprehensive,2980.807875,2,"This claim involves a theft incident with two vehicles affected, resulting in damages totaling $2,980.81. Thankfully, there were no injuries reported during the incident.",Simple,1
CLM-000575,POL-004350,2023/4/1 5:46,Theft/Comprehensive,4550.214013,2,"This claim involves a theft incident resulting in damages totaling $4,550.21, affecting two vehicles. Thankfully, there were no injuries reported in connection with this event.",Simple,0
CLM-000576,POL-004362,2023/9/20 16:28,Fender-Bender,5033.502485,3,"This fender-bender incident involved three vehicles, resulting in damages totaling $5,033.50; thankfully, no injuries were reported. All parties were able to remain unharmed despite the collision.",Simple,0
CLM-000580,POL-004414,2024/1/6 21:13,Theft/Comprehensive,1859.111823,2,"This claim involves a theft incident resulting in a loss of $1,859.11, affecting two vehicles. Fortunately, no injuries were reported during the event.",Simple,1
CLM-000582,POL-004425,2023/7/7 18:12,Fender-Bender,4950.374305,1,"A minor fender-bender resulted in damages amounting to $4,950.37, involving just one vehicle. Fortunately, no injuries were reported in the incident.",Simple,0
CLM-000583,POL-004431,2024/1/3 10:58,Fender-Bender,10700.18089,1,"A fender-bender involving one vehicle resulted in damage totaling $10,700.18, but fortunately, there were no injuries reported in the accident.",Simple,0
CLM-000588,POL-004486,2023/7/12 14:02,Fender-Bender,10824.41133,1,"A fender-bender incident occurred involving one vehicle, resulting in damage totaling $10,824.41, but thankfully, no injuries were reported. The accident has raised concerns about vehicle repair costs, yet all parties involved remained unharmed.",Simple,0
CLM-000589,POL-004488,2024/1/10 1:37,Theft/Comprehensive,1374.890141,1,"This claim involves a theft incident affecting a single vehicle, resulting in damages amounting to $1,374.89. Fortunately, there were no injuries reported during the event.",Simple,0
CLM-000591,POL-004508,2024/1/6 10:18,Fender-Bender,8129.486629,1,"The fender-bender incident caused significant damage amounting to $8,129.49 and involved one vehicle; unfortunately, it also resulted in injuries to the driver. Emergency assistance was called to address the situation on-site.",Moderate,0
CLM-000592,POL-004509,2024/3/24 9:06,Fender-Bender,6105.589919,1,"A minor fender-bender resulted in damages amounting to $6,105.59, but thankfully, no injuries were reported. Only one vehicle was involved in the incident.",Simple,0
CLM-000595,POL-004516,2024/2/10 4:25,Theft/Comprehensive,790.5321196,1,"This claim involves a single vehicle theft with a reported damage amount of $790.53. Thankfully, there were no injuries sustained during the incident.",Simple,0
CLM-000597,POL-004544,2024/1/20 17:21,Theft/Comprehensive,1462.916928,2,"This claim involves a theft incident affecting two vehicles, with damages amounting to $1,462.92. Fortunately, no injuries were reported during the incident.",Simple,0
CLM-000599,POL-004560,2023/9/18 7:55,Theft/Comprehensive,905.2635601,1,"A theft occurred involving my vehicle, resulting in damage totaling $905.26. Fortunately, there were no injuries sustained during this incident.",Simple,0
CLM-000601,POL-004579,2024/10/24 12:06,Major Collision,6991.472906,2,"This major collision involving two vehicles resulted in injuries to at least one party. The estimated damage is $6,991.47.",Complex,0
CLM-000605,POL-004622,2023/3/15 12:50,Fender-Bender,16147.69047,1,"This fender-bender involved one vehicle and resulted in damage totaling $16,147.69. Fortunately, there were no injuries reported from the incident.",Simple,1
CLM-000606,POL-004633,2023/9/26 0:48,Theft/Comprehensive,4718.428928,1,"This claim involves the theft of a single vehicle, resulting in a loss valued at $4,718.43. Fortunately, there were no injuries reported during this incident.",Simple,0
CLM-000607,POL-004649,2023/9/5 10:52,Theft/Comprehensive,7583.982241,2,"This claim involves a theft incident resulting in damage totaling $7,583.98 to two vehicles. Fortunately, no injuries were reported during the event.",Simple,0
CLM-000609,POL-004663,2024/2/24 21:34,Fender-Bender,6879.823303,1,"This claim pertains to a fender-bender involving one vehicle, resulting in damages amounting to $6,879.82. Fortunately, there were no injuries reported in the incident.",Simple,0
CLM-000610,POL-004665,2024/5/26 8:53,Theft/Comprehensive,2210.462626,2,"This claim involves a theft incident resulting in damages of $2,210.46 affecting two vehicles, with no injuries reported. All parties involved were unharmed during the incident.",Simple,0
CLM-000611,POL-004667,2024/2/4 16:54,Fender-Bender,4190.846547,1,"This claim pertains to a fender-bender involving one vehicle, resulting in damages amounting to $4,190.85. Thankfully, there were no injuries reported in this incident.",Simple,0
CLM-000614,POL-004726,2024/4/8 21:10,Major Collision,42119.59288,1,"In a major collision involving a single vehicle, the accident led to injuries requiring medical attention and resulted in significant damage totaling $42,119.59. The severity of the incident emphasizes the importance of safety on the road.",Moderate,0
CLM-000616,POL-004738,2023/9/25 6:48,Theft/Comprehensive,3504.68385,1,"This claim is for a theft involving one vehicle, resulting in damages totaling $3504.68. Thankfully, there were no injuries reported related to this incident.",Simple,0
CLM-000617,POL-004744,2024/3/9 1:37,Major Collision,747.2902245,2,"This claim pertains to a major collision involving two vehicles, resulting in damages amounting to $747.29. Fortunately, there were no injuries reported in this accident.",Simple,0
CLM-000626,POL-004856,2024/9/1 18:36,Theft/Comprehensive,2934.749624,2,"This claim involves a theft incident that resulted in damage amounting to $2,934.75 across two vehicles, with no injuries reported. Both parties are safe, allowing for a focus on resolving the property damage.",Simple,0
CLM-000632,POL-004945,2023/6/20 19:42,Fender-Bender,4001.172491,2,"This claim involves a fender-bender between two vehicles, resulting in significant damage totaling $4001.17. Fortunately, there were no injuries reported as a result of the accident.",Simple,0
CLM-000633,POL-004949,2024/4/10 23:10,Fender-Bender,7513.822053,2,"A minor fender-bender involving two vehicles resulted in damage amounting to $7,513.82; fortunately, there were no injuries reported in the incident.",Simple,0
CLM-000634,POL-004963,2024/9/18 6:38,Theft/Comprehensive,1923.046467,1,"This claim is for a theft that resulted in damages totaling $1,923.05 to a single vehicle. Thankfully, there were no injuries reported in this incident.",Simple,0
CLM-000635,POL-004967,2024/2/25 16:41,Theft/Comprehensive,1498.605157,2,"This claim involves a theft incident resulting in a loss of $1,498.61, affecting two vehicles. Fortunately, there were no injuries reported in connection with this event.",Simple,0
CLM-000637,POL-004991,2024/1/18 19:36,Fender-Bender,9062.079853,2,"This fender-bender involved two vehicles and resulted in significant damage amounting to $9,062.08. Fortunately, there were no injuries reported in the incident.",Moderate,0
CLM-000642,POL-005048,2023/5/12 19:11,Theft/Comprehensive,2604.226718,1,"A theft incident occurred involving a single vehicle, resulting in damage amounting to $2,604.23. Fortunately, there were no injuries reported in this incident.",Simple,0
CLM-000643,POL-005060,2024/7/22 23:42,Theft/Comprehensive,2007.124958,1,"This claim involves a theft incident resulting in a total loss of $2007.12 for a single vehicle. Fortunately, no injuries were reported during the incident.",Simple,0
CLM-000644,POL-005062,2023/10/11 1:01,Fender-Bender,7016.090237,2,"A minor fender-bender involving two vehicles resulted in damages amounting to $7,016.09, but fortunately, there were no injuries reported. Both drivers are safe, and the focus is now on resolving the claim for the damage incurred.",Simple,0
CLM-000645,POL-005067,2024/1/22 22:22,Theft/Comprehensive,2180.655136,2,"This claim involves a theft incident resulting in damages of $2,180.66 and affects two vehicles, with no injuries reported. The vehicles were targeted, but fortunately, all parties involved remain unharmed.",Simple,0
CLM-000647,POL-005079,2024/5/19 18:35,Fender-Bender,1993.526495,1,"A minor fender-bender resulted in damages totaling $1993.53. Fortunately, no injuries were reported during this incident involving a single vehicle.",Simple,0
CLM-000648,POL-005081,2023/6/29 15:28,Theft/Comprehensive,2276.861378,2,"This claim pertains to a theft incident involving two vehicles, resulting in a loss valued at $2,276.86. Fortunately, there were no injuries reported during the event.",Simple,0
CLM-000649,POL-005087,2023/7/14 1:54,Fender-Bender,6326.345219,2,"This fender-bender involved two vehicles, resulting in damages amounting to $6,326.35. Thankfully, there were no injuries reported in the accident.",Simple,0
CLM-000650,POL-005088,2024/3/19 14:41,Theft/Comprehensive,5268.099385,1,"This claim involves a theft incident with damages amounting to $5,268.10 for a single vehicle, and fortunately, no injuries were reported during the event. The comprehensive coverage is being utilized to address the loss.",Simple,0
CLM-000651,POL-005097,2024/6/9 8:34,Theft/Comprehensive,1018.170542,2,"This claim involves a theft incident where two vehicles were affected, resulting in damages amounting to $1,018.17. Fortunately, there were no injuries reported during the event.",Simple,0
CLM-000653,POL-005105,2024/9/18 3:08,Theft/Comprehensive,729.2537227,2,"This claim involves a theft incident where two vehicles were involved, resulting in damages amounting to $729.25. Fortunately, no injuries were reported during the event.",Simple,0
CLM-000654,POL-005105,2024/4/22 3:08,Fender-Bender,11968.89704,2,"This claim involves a minor fender-bender between two vehicles, resulting in damage totaling $11,968.90. Thankfully, there were no injuries reported for either party involved in the accident.",Simple,0
CLM-000655,POL-005105,2024/11/22 3:08,Fender-Bender,7163.905641,5,"A fender-bender involving five vehicles resulted in damages totaling $7,163.91, but fortunately, there were no injuries reported. All parties involved were unharmed, allowing for a smoother resolution of the incident.",Moderate,0
CLM-000656,POL-005106,2023/5/10 11:59,Fender-Bender,8233.869012,2,"This fender-bender involving two vehicles resulted in significant damages totaling $8,233.87 and unfortunately left one or more individuals with injuries. The incident highlights the potential risks associated with road travel, underscoring the need for safety precautions.",Complex,1
CLM-000657,POL-005109,2023/11/15 0:13,Fender-Bender,12543.63068,2,"A fender-bender involving two vehicles resulted in significant damage amounting to $12,543.63, but fortunately, there were no injuries reported in the incident. Both parties were unharmed and exchanged information at the scene.",Simple,0
CLM-000661,POL-005155,2024/2/3 2:24,Theft/Comprehensive,5057.205324,2,"This claim involves a theft incident with a total damage amount of $5,057.21 affecting two vehicles. Thankfully, there were no injuries reported as a result of the incident.",Simple,0
CLM-000664,POL-005167,2024/1/16 4:27,Theft/Comprehensive,2012.011283,1,"This claim involves a comprehensive theft of a single vehicle, resulting in damages amounting to $2,012.01. Fortunately, there were no injuries reported in this incident.",Simple,0
CLM-000665,POL-005177,2023/8/22 21:14,Theft/Comprehensive,1245.255697,5,"This claim involves a theft incident affecting five vehicles, resulting in damages totaling $1,245.26. Fortunately, there were no injuries reported during the event.",Moderate,0
CLM-000666,POL-005177,2023/11/17 21:14,Major Collision,1077.097045,1,"This major collision caused significant damage estimated at $1,077.10 to the involved vehicle, and unfortunately, it also resulted in injuries. The severity of the injuries remains to be assessed, as the focus shifts to recovery and the circumstances of the accident.",Moderate,0
CLM-000667,POL-005196,2023/5/23 18:48,Fender-Bender,4465.189772,2,"This fender-bender involved two vehicles, resulting in $4,465.19 in damages. Fortunately, there were no injuries reported during the incident.",Simple,0
CLM-000672,POL-005231,2023/12/24 4:47,Major Collision,1760.731695,4,"A major collision involving four vehicles resulted in injuries to several individuals, with damage estimated at $1,760.73. The incident underscores the potential dangers of multi-car accidents on the road.",Complex,0
CLM-000673,POL-005233,2024/3/22 23:43,Theft/Comprehensive,1739.549703,2,"This claim involves a theft incident resulting in damages of $1,739.55, affecting two vehicles. Fortunately, there were no injuries reported in connection with this incident.",Simple,0
CLM-000674,POL-005237,2024/10/13 6:44,Theft/Comprehensive,980.2244176,2,"This claim involves a theft incident with damages totaling $980.22 affecting two vehicles, but fortunately, no injuries were reported. The absence of injuries allows for a smoother resolution process under the comprehensive coverage.",Simple,0
CLM-000675,POL-005241,2023/7/22 0:35,Theft/Comprehensive,2519.718483,2,"This claim relates to a theft incident involving two vehicles, resulting in damages amounting to $2,519.72. Fortunately, there were no injuries reported during the event.",Simple,0
CLM-000676,POL-005244,2023/10/3 1:17,Theft/Comprehensive,1127.161846,2,"This claim involves a theft incident leading to comprehensive damages totaling $1,127.16 across two vehicles. Fortunately, there were no injuries reported during the event.",Simple,0
CLM-000677,POL-005252,2023/10/10 4:33,Major Collision,31572.07611,2,"A major collision involving two vehicles caused significant damage estimated at $31,572.08. Unfortunately, the accident also resulted in injuries to one or more individuals.",Complex,0
CLM-000681,POL-005288,2023/8/26 19:11,Theft/Comprehensive,458.9509918,2,"This claim involves a theft incident impacting two vehicles, resulting in damage amounting to $458.95. Fortunately, there were no injuries reported during the event.",Simple,0
CLM-000682,POL-005296,2023/5/1 2:34,Fender-Bender,13370.82348,1,"This claim describes a fender-bender involving a single vehicle, resulting in damage amounting to $13,370.82. Thankfully, there were no injuries reported in this incident.",Simple,0
CLM-000685,POL-005306,2024/5/4 16:57,Major Collision,2737.417485,1,"The major collision resulted in significant damage totaling $2,737.42 to the vehicle involved, and unfortunately, one or more individuals sustained injuries in the accident. The incident underscores the seriousness of road safety and the potential for severe consequences.",Moderate,1
CLM-000687,POL-005320,2024/1/9 9:13,Major Collision,1054.44359,1,"This claim pertains to a major collision resulting in damage totaling $1,054.44 to a single vehicle. Fortunately, there were no injuries reported in this incident.",Simple,0
CLM-000688,POL-005335,2024/6/18 9:53,Theft/Comprehensive,1172.752405,2,"A theft incident involving two vehicles resulted in damages totaling $1,172.75. Fortunately, no injuries were reported during the event.",Simple,0
CLM-000689,POL-005345,2023/4/29 17:14,Major Collision,4420.956834,1,"The major collision led to substantial damage totaling $4,420.96 to the vehicle involved, and unfortunately, it also resulted in one or more injuries. While the car sustained significant harm, the focus remains on the well-being of those affected by the incident.",Moderate,0
CLM-000690,POL-005346,2023/12/26 15:58,Major Collision,1857.146947,1,"The major collision has resulted in injuries, necessitating a claim for $1,857.15 in damages to the single vehicle involved. The accident has impacted the driver's health, further complicating the situation beyond just the financial loss.",Moderate,0
CLM-000695,POL-005368,2024/4/29 0:33,Theft/Comprehensive,2558.573315,1,"This claim is for a theft involving a single vehicle, resulting in damages amounting to $2,558.57. Fortunately, there were no injuries reported.",Simple,0
CLM-000696,POL-005368,2023/9/26 0:33,Major Collision,12435.91601,4,"The major collision involved four vehicles and incurred significant damage totaling $12,435.92. Unfortunately, the accident also resulted in one or more injuries to those involved.",Complex,0
CLM-000698,POL-005373,2024/10/6 10:29,Theft/Comprehensive,1615.071498,2,"There were no injuries reported in the incident involving the theft of two vehicles, resulting in damages totaling $1,615.07. This comprehensive claim addresses the unfortunate circumstances surrounding the theft without any personal harm.",Simple,0
CLM-000702,POL-005389,2024/6/19 1:29,Theft/Comprehensive,1378.82993,2,"This claim involves a comprehensive theft incident with damage totaling $1,378.83 affecting two vehicles. Fortunately, there were no injuries reported during the occurrence.",Simple,1
CLM-000703,POL-005395,2024/10/16 7:35,Theft/Comprehensive,1632.510709,1,"This claim involves a theft incident affecting a single vehicle, resulting in damages amounting to $1,632.51. Fortunately, no injuries were reported during the event.",Simple,0
CLM-000706,POL-005409,2023/5/17 1:09,Theft/Comprehensive,966.0604637,2,"This claim involves a theft-related incident with damages totaling $966.06, and fortunately, no injuries were reported. Two vehicles were involved in the event, but everyone remained unharmed.",Simple,1
CLM-000708,POL-005424,2024/9/29 6:55,Fender-Bender,5475.600962,2,"This fender-bender involved two vehicles and resulted in significant damage amounting to $5,475.60; thankfully, there were no injuries reported. The drivers were shaken but unharmed, allowing for a smoother resolution of the situation.",Simple,0
CLM-000709,POL-005431,2023/4/18 8:18,Major Collision,19209.15793,1,"A major collision involving a single vehicle incurred damages totaling $19,209.16, and unfortunately, this accident resulted in one or more injuries. The severity of the injuries highlights the critical nature of the incident.",Moderate,1
CLM-000710,POL-005463,2024/1/24 3:58,Fender-Bender,25781.82786,1,"A recent fender-bender involving one vehicle resulted in damages totaling $25,781.83, and unfortunately, this incident also led to one or more injuries. The extent of the injuries is still being assessed, but the situation is serious.",Complex,0
CLM-000711,POL-005470,2024/4/23 6:49,Fender-Bender,4497.62881,1,"In a minor fender-bender involving a single vehicle, damage was assessed at $4,497.63. Fortunately, there were no injuries reported in the incident.",Simple,0
CLM-000713,POL-005479,2023/12/19 8:11,Theft/Comprehensive,503.0213777,4,"This claim involves a theft incident affecting four vehicles, resulting in damages of $503.02. Fortunately, there were no injuries reported during this event.",Simple,0
CLM-000714,POL-005481,2024/8/16 18:37,Theft/Comprehensive,2319.9506,1,"This claim involves a theft under comprehensive coverage, resulting in damages totaling $2,319.95 for a single vehicle. Fortunately, there were no injuries reported in connection with this incident.",Simple,0
CLM-000715,POL-005484,2023/5/9 5:55,Fender-Bender,2732.252742,2,"A minor fender-bender involving two vehicles resulted in damages totaling $2,732.25. Thankfully, no injuries were reported in the incident.",Simple,0
CLM-000717,POL-005511,2024/1/12 20:37,Theft/Comprehensive,1283.45654,4,"This claim involves a theft incident affecting four vehicles, resulting in damages totaling $1,283.46. Fortunately, there were no injuries reported during the event.",Moderate,0
CLM-000718,POL-005512,2024/7/11 3:03,Theft/Comprehensive,3310.00956,1,"This claim involves a theft of a single vehicle, resulting in damages totaling $3,310.01. Fortunately, there were no injuries reported during the incident.",Simple,0
CLM-000719,POL-005512,2024/1/17 3:03,Fender-Bender,8747.388069,2,"A fender-bender involving two vehicles has led to injuries, resulting in damages amounting to $8,747.39. The accident underscores the importance of cautious driving, as the impact has not only caused property damage but also physical harm to those involved.",Complex,0
CLM-000720,POL-005512,2024/1/20 3:03,Fender-Bender,3475.374142,1,"This claim reflects a fender-bender involving one vehicle, resulting in damages amounting to $3,475.37. Fortunately, there were no injuries reported in the accident.",Simple,0
CLM-000721,POL-005513,2023/3/27 8:51,Fender-Bender,18290.4499,2,"A minor fender-bender involving two vehicles resulted in damage costs of $18,290.45, but thankfully, no injuries were reported in the incident.",Simple,0
CLM-000722,POL-005544,2023/8/31 3:06,Theft/Comprehensive,3548.772737,2,"This claim involves a theft incident resulting in damages of $3,548.77 across two vehicles, but fortunately, there were no injuries reported. Both vehicles were affected, but all parties remained unscathed in this unfortunate event.",Simple,0
CLM-000726,POL-005570,2023/11/7 11:07,Theft/Comprehensive,4508.808962,2,"This claim relates to a theft incident involving two vehicles, resulting in damages amounting to $4,508.81. Thankfully, there were no injuries reported in this case.",Simple,0
CLM-000727,POL-005578,2024/1/24 20:26,Fender-Bender,3202.127521,2,"A minor fender-bender involving two vehicles resulted in damage totaling $3,202.13. Fortunately, there were no injuries reported in this incident.",Simple,0
CLM-000728,POL-005579,2023/11/9 20:59,Theft/Comprehensive,10095.90042,1,"This claim involves a theft of a single vehicle with damages totaling $10,095.90. Fortunately, no injuries were reported in this incident.",Simple,0
CLM-000731,POL-005589,2023/10/18 14:23,Theft/Comprehensive,1715.965578,1,"This claim involves a theft incident concerning a single vehicle, with damages assessed at $1,715.97. Fortunately, there were no injuries reported during this incident.",Simple,1
CLM-000732,POL-005591,2024/7/15 1:25,Theft/Comprehensive,2522.056058,1,"This claim involves a theft incident resulting in a comprehensive loss of $2,522.06, affecting a single vehicle. Thankfully, there were no injuries reported in connection with this theft.",Simple,0
CLM-000733,POL-005599,2024/3/24 23:53,Theft/Comprehensive,4904.659625,1,"This claim pertains to a theft involving a single vehicle, resulting in a financial loss of $4,904.66. Thankfully, there were no injuries reported in this incident.",Simple,0
CLM-000734,POL-005600,2023/11/13 5:45,Major Collision,6741.118934,1,"The major collision, which resulted in significant damage amounting to $6,741.12 to a single vehicle, also left one or more individuals injured. The incident highlights the serious nature of the crash and its impact on those involved.",Moderate,0
CLM-000736,POL-005626,2023/12/30 16:25,Theft/Comprehensive,964.6816715,1,"This claim is for a theft involving a single vehicle, resulting in damages amounting to $964.68. Thankfully, no injuries were sustained during this incident.",Simple,0
CLM-000737,POL-005631,2024/7/22 20:47,Theft/Comprehensive,1713.328532,2,"This claim pertains to a theft incident involving two vehicles, resulting in damages amounting to $1,713.33. Fortunately, there were no injuries reported during the event.",Simple,0
CLM-000738,POL-005637,2024/2/1 17:48,Fender-Bender,4794.861993,2,"This claim involves a fender bender between two vehicles, resulting in damages totaling $4,794.86. Fortunately, there were no injuries reported from the incident.",Simple,0
CLM-000742,POL-005650,2023/7/4 7:22,Theft/Comprehensive,2820.326447,1,"This claim pertains to a theft incident involving a single vehicle, resulting in damages amounting to $2,820.33. Fortunately, there were no injuries reported in this case.",Simple,0
CLM-000746,POL-005673,2023/10/16 16:39,Fender-Bender,3647.586454,1,"In the fender-bender involving a single vehicle, the estimated damage is $3,647.59, and the accident unfortunately led to one or more injuries. The situation underscores the importance of safety on the roads.",Moderate,0
CLM-000747,POL-005683,2024/2/14 1:58,Theft/Comprehensive,1134.620963,2,"This claim pertains to a theft incident involving two vehicles, resulting in damages amounting to $1134.62. Fortunately, there were no injuries reported in the incident.",Simple,0
CLM-000748,POL-005686,2023/11/28 17:13,Theft/Comprehensive,4867.913016,2,"This claim involves a theft incident resulting in damages of $4,867.91 affecting two vehicles, with no injuries reported. While both vehicles sustained significant damage, thankfully, there were no injuries to any parties involved.",Simple,0
CLM-000751,POL-005715,2023/5/11 7:06,Major Collision,2402.536468,2,"This major collision involved two vehicles and resulted in injuries to at least one party. The total damage is assessed at $2,402.54.",Moderate,0
CLM-000752,POL-005716,2024/8/11 11:44,Fender-Bender,7095.368853,2,"This claim involves a minor fender-bender with two vehicles, resulting in damages totaling $7,095.37. Fortunately, no injuries were reported from the incident.",Simple,0
CLM-000755,POL-005743,2024/1/12 2:04,Theft/Comprehensive,1930.199713,1,"This claim pertains to a theft incident involving a single vehicle, resulting in damages totaling $1,930.20. Fortunately, there were no injuries reported during this event.",Simple,0
CLM-000758,POL-005755,2024/8/12 5:14,Theft/Comprehensive,928.5324976,1,"This claim is for a theft incident involving one vehicle, resulting in a loss of $928.53. Fortunately, no injuries were reported during the event.",Simple,0
CLM-000760,POL-005770,2024/3/14 4:38,Fender-Bender,4345.162183,1,"This claim involves a fender-bender with damage estimated at $4,345.16 to a single vehicle. Fortunately, no injuries were reported as a result of the accident.",Simple,0
CLM-000761,POL-005773,2023/5/30 13:41,Fender-Bender,8546.743233,1,"This claim is for a fender-bender involving one vehicle, resulting in damages of $8,546.74. Thankfully, there were no injuries reported in the incident.",Simple,0
CLM-000763,POL-005779,2024/5/5 15:59,Major Collision,5680.275073,1,"The major collision resulted in significant damage amounting to $5,680.28 and involved just one vehicle. Unfortunately, the incident also led to one or more injuries, highlighting the serious nature of the accident.",Moderate,0
CLM-000764,POL-005812,2024/5/10 20:25,Theft/Comprehensive,4114.476462,1,"This claim is for a theft incident involving a single vehicle, resulting in a loss of $4,114.48. Fortunately, there were no reported injuries associated with this event.",Simple,0
CLM-000765,POL-005812,2023/11/2 20:25,Theft/Comprehensive,1305.306482,5,"This claim involves a theft incident affecting five vehicles, resulting in a total damage amount of $1,305.31. Fortunately, no injuries were reported during this event.",Moderate,1
CLM-000767,POL-005845,2023/8/24 15:12,Theft/Comprehensive,2892.736255,1,"This claim involves the theft of a single vehicle, resulting in damages totaling $2,892.74. Thankfully, there were no injuries reported in this incident.",Simple,0
CLM-000768,POL-005846,2024/1/8 8:45,Major Collision,7550.683429,2,"The major collision involved two vehicles and resulted in injuries to at least one occupant. The estimated damage stands at $7,550.68.",Complex,0
CLM-000769,POL-005848,2023/12/15 3:16,Fender-Bender,5705.689647,2,"A minor fender-bender involving two vehicles resulted in damage amounting to $5,705.69, but thankfully, no injuries occurred during the incident.",Simple,1
CLM-000771,POL-005856,2023/8/1 2:05,Fender-Bender,4688.72546,2,"A minor fender-bender involving two vehicles resulted in damages totaling $4,688.73, fortunately with no injuries reported. Both parties were unharmed, and the incident appears to have caused only property damage.",Simple,0
CLM-000772,POL-005856,2024/1/27 2:05,Fender-Bender,10782.62923,1,"In this fender-bender, the single vehicle sustained significant damage amounting to $10,782.63. Unfortunately, the incident also resulted in one or more injuries, underscoring the seriousness of the accident.",Moderate,0
CLM-000775,POL-005877,2023/8/22 20:40,Fender-Bender,7989.721024,1,"This claim involves a fender-bender resulting in damages amounting to $7,989.72 for a single vehicle. Thankfully, there were no injuries reported in the incident.",Simple,0
CLM-000776,POL-005893,2024/1/13 1:06,Theft/Comprehensive,1062.614445,1,"This claim involves a theft incident resulting in comprehensive damage amounting to $1,062.61 for a single vehicle. Thankfully, no injuries were reported in connection with the theft.",Simple,0
CLM-000777,POL-005908,2023/12/1 19:45,Fender-Bender,18680.45128,1,"This fender-bender resulted in significant damage totaling $18,680.45 to the sole vehicle involved, but fortunately, there were no injuries reported.",Simple,0
CLM-000781,POL-005944,2023/9/24 7:57,Fender-Bender,10830.11522,1,"This claim involves a fender-bender with one vehicle sustaining significant damage amounting to $10,830.12. Fortunately, no injuries were reported as a result of the accident.",Simple,0
CLM-000782,POL-005949,2024/6/19 8:48,Theft/Comprehensive,4633.109923,1,"This claim is for a theft involving one vehicle, with damages amounting to $4,633.11. Fortunately, there were no injuries reported in this incident.",Simple,0
CLM-000783,POL-005960,2024/6/25 7:36,Theft/Comprehensive,3020.623555,2,"This claim involves a theft incident involving two vehicles, resulting in a loss of $3,020.62. Thankfully, no injuries were reported during the event.",Simple,0
CLM-000785,POL-005965,2023/8/15 4:38,Major Collision,1455.343586,1,"The accident involved a single vehicle with damage amounting to $1,455.34, but fortunately, there were no injuries reported. The collision was classified as a major incident, yet all occupants emerged unharmed.",Simple,0
CLM-000786,POL-005966,2023/5/4 8:41,Theft/Comprehensive,2379.844193,2,"This claim involves a theft incident with no injuries reported, impacting two vehicles. The total value of the damage amounts to $2,379.84.",Simple,0
CLM-000787,POL-005976,2024/11/7 22:10,Theft/Comprehensive,1730.333674,1,"This claim involves a theft incident related to a single vehicle, resulting in damages amounting to $1,730.33. Fortunately, no injuries were reported during this event.",Simple,0
CLM-000788,POL-005979,2024/1/14 3:15,Theft/Comprehensive,1808.018018,3,"This claim involves a theft incident affecting three vehicles, resulting in damages totaling $1,808.02. Thankfully, there were no injuries reported during this event.",Simple,0
CLM-000789,POL-006010,2024/3/27 0:15,Theft/Comprehensive,1572.180151,2,"This claim involves a theft incident affecting two vehicles with damages amounting to $1,572.18. Thankfully, there were no injuries reported in the occurrence.",Simple,0
CLM-000790,POL-006016,2024/4/1 0:13,Fender-Bender,7499.486319,1,"In a minor fender-bender, the vehicle sustained damages totaling $7,499.49, but fortunately, no injuries were reported. The incident involved only one vehicle, and all parties were unharmed.",Simple,0
CLM-000791,POL-006021,2023/3/29 3:47,Theft/Comprehensive,1791.722372,2,"This claim involves a theft incident with two vehicles affected, resulting in damages totaling $1,791.72. Fortunately, there were no injuries reported during the incident.",Simple,1
CLM-000793,POL-006024,2023/10/22 17:40,Theft/Comprehensive,950.3341161,2,"This claim pertains to a theft incident involving two vehicles, resulting in damages amounting to $950.33. Fortunately, there were no injuries reported during the event.",Simple,0
CLM-000794,POL-006027,2024/1/3 5:26,Fender-Bender,14632.62555,1,"This claim involves a fender-bender resulting in damage totaling $14,632.63 to a single vehicle, with no injuries reported. Thankfully, all parties involved were unharmed in the incident.",Simple,0
CLM-000796,POL-006039,2024/8/16 21:18,Fender-Bender,5724.624528,4,"This fender-bender involved four vehicles and resulted in damages totaling $5,724.62, but thankfully, there were no injuries reported. All parties are safe, and the focus is now on resolving the claim.",Moderate,0
CLM-000797,POL-006043,2024/6/2 7:27,Theft/Comprehensive,882.7653304,1,"This claim relates to a theft incident involving a single vehicle, resulting in damages totaling $882.77. Thankfully, there were no injuries reported during this event.",Simple,0
CLM-000798,POL-006059,2023/8/15 11:37,Theft/Comprehensive,3707.881658,2,"This claim involves a theft incident resulting in damages of $3,707.88 affecting two vehicles. Fortunately, there were no injuries reported in this situation.",Simple,0
CLM-000799,POL-006060,2023/5/2 2:58,Theft/Comprehensive,1066.662463,1,"This theft claim involves a single vehicle with damages amounting to $1,066.66. Fortunately, there were no injuries sustained during the incident.",Simple,1
CLM-000800,POL-006092,2023/5/16 6:19,Theft/Comprehensive,2052.845683,4,"This claim involves a theft incident affecting four vehicles, resulting in damages totaling $2,052.85. Fortunately, there were no injuries reported during this event.",Moderate,1
CLM-000802,POL-006117,2024/2/1 1:29,Theft/Comprehensive,3916.396488,1,"This claim pertains to a theft incident involving a single vehicle, resulting in a total loss of $3,916.40. Fortunately, there were no injuries reported in the incident.",Simple,0
CLM-000805,POL-006125,2023/12/4 16:32,Fender-Bender,5994.135491,1,"In a fender-bender accident involving one vehicle, the damages amount to $5,994.14. Unfortunately, the incident also resulted in one or more injuries, highlighting the seriousness of the situation.",Moderate,0
CLM-000809,POL-006140,2023/8/25 21:47,Major Collision,9952.799775,1,"This claim arises from a major collision involving one vehicle, resulting in damages amounting to $9,952.80. Fortunately, there were no injuries reported in this incident.",Simple,1
CLM-000810,POL-006149,2023/12/20 9:44,Major Collision,38313.81303,5,"A major collision involving five vehicles has resulted in significant damages estimated at $38,313.81, along with multiple injuries to those involved. Emergency services were called to the scene to assist the injured parties, highlighting the serious nature of the accident.",Complex,0
CLM-000811,POL-006157,2024/2/14 0:56,Theft/Comprehensive,1872.536495,1,"This claim involves a theft of a single vehicle, resulting in damages amounting to $1,872.54. Thankfully, no injuries were reported in the incident.",Simple,1
CLM-000813,POL-006187,2023/12/25 5:08,Theft/Comprehensive,1126.060217,1,"This claim involves a theft incident with a single vehicle, resulting in damages totaling $1,126.06. Fortunately, there were no injuries associated with the theft.",Simple,0
CLM-000814,POL-006188,2024/5/12 0:31,Theft/Comprehensive,2108.492649,2,"This claim involves a theft incident resulting in damages totaling $2,108.49, affecting two vehicles. Thankfully, there were no injuries reported during the event.",Simple,0
CLM-000815,POL-006199,2023/10/4 0:22,Theft/Comprehensive,4722.620186,2,"This claim involves the theft of two vehicles, resulting in a total damage amount of $4,722.62. Fortunately, no injuries were reported during this incident.",Simple,0
CLM-000818,POL-006219,2023/8/26 9:38,Fender-Bender,7923.160034,2,"A fender-bender involving two vehicles resulted in substantial damages totaling $7,923.16, and unfortunately, one or more individuals sustained injuries during the incident. The situation underscores the importance of cautious driving to prevent such accidents.",Complex,0
CLM-000822,POL-006266,2023/10/12 1:37,Theft/Comprehensive,3220.450253,1,"A single vehicle was involved in a theft incident resulting in damages of $3,220.45. Fortunately, there were no injuries reported during this event.",Simple,0
CLM-000825,POL-006281,2023/10/2 1:44,Theft/Comprehensive,2110.948861,1,"This claim involves a theft of a single vehicle, resulting in a loss valued at $2,110.95. Fortunately, there were no injuries reported during the incident.",Simple,0
CLM-000826,POL-006282,2023/11/26 10:49,Theft/Comprehensive,716.0823347,2,"This claim involves the theft of two vehicles with damages amounting to $716.08. Fortunately, there were no injuries reported during the incident.",Simple,0
CLM-000827,POL-006295,2024/8/21 6:13,Fender-Bender,5541.040182,1,"This claim involves a fender-bender that resulted in damage totaling $5,541.04 to a single vehicle, with no injuries reported for anyone involved in the incident. The accident was minor, and thankfully, all parties emerged without harm.",Simple,0
CLM-000833,POL-006344,2024/5/23 4:19,Theft/Comprehensive,2195.864809,2,"This claim involves a theft incident resulting in damages amounting to $2,195.86, affecting two vehicles. Thankfully, there were no injuries reported during the event.",Simple,0
CLM-000834,POL-006348,2024/5/17 12:36,Theft/Comprehensive,1713.668517,1,"A theft incident resulted in damage totaling $1,713.67 to a single vehicle, but fortunately, no injuries were reported. The vehicle was the sole one involved in this unfortunate event.",Simple,0
CLM-000836,POL-006360,2024/2/10 19:52,Theft/Comprehensive,855.7429903,1,"This claim involves the theft of a single vehicle, resulting in damages amounting to $855.74. Thankfully, no injuries were reported during this incident, and the focus is on recovery from the theft.",Simple,0
CLM-000837,POL-006363,2024/3/17 7:01,Theft/Comprehensive,2318.568616,1,"This claim pertains to a theft incident involving a single vehicle, resulting in damages amounting to $2,318.57. Fortunately, there were no injuries reported during this occurrence.",Simple,0
CLM-000838,POL-006369,2024/3/8 4:49,Fender-Bender,6660.785002,1,"This claim involves a fender-bender resulting in damage estimated at $6,660.79 to one vehicle, with no injuries reported. Fortunately, all parties emerged unharmed from the incident.",Simple,0
CLM-000839,POL-006371,2023/12/16 14:47,Theft/Comprehensive,4000.979265,1,"This claim involves a single vehicle theft, resulting in damages totaling $4,000.98. Fortunately, there were no injuries reported during the incident.",Simple,0
CLM-000840,POL-006379,2024/5/22 4:49,Theft/Comprehensive,2890.895544,1,"This claim involves a theft incident where one vehicle was stolen, resulting in a total loss of $2,890.90. Fortunately, there were no injuries reported during this event.",Simple,0
CLM-000841,POL-006387,2024/1/13 10:10,Theft/Comprehensive,3312.924522,5,"This claim involves a theft incident affecting five vehicles, resulting in damages totaling $3,312.92. Fortunately, there were no injuries reported during the event.",Moderate,0
CLM-000842,POL-006388,2024/6/6 18:28,Theft/Comprehensive,2061.121735,1,"This claim involves a theft incident where a single vehicle was targeted, resulting in damages amounting to $2,061.12. Thankfully, no injuries were reported during the event.",Simple,0
CLM-000844,POL-006398,2023/12/3 20:57,Major Collision,10877.6789,4,"A major collision involving four vehicles resulted in significant damage totaling $10,877.68. Fortunately, there were no injuries reported in the incident.",Moderate,0
CLM-000845,POL-006402,2024/7/22 0:48,Theft/Comprehensive,3127.328037,2,"This claim involves a theft incident affecting two vehicles, resulting in damages totaling $3,127.33. Thankfully, there were no injuries reported during this incident.",Simple,0
CLM-000847,POL-006417,2023/6/20 10:36,Fender-Bender,7763.840461,1,"This claim involves a fender-bender that resulted in damage amounting to $7,763.84. Fortunately, there were no injuries reported in the incident, which involved only one vehicle.",Simple,0
CLM-000849,POL-006447,2024/10/6 7:46,Theft/Comprehensive,2618.744354,1,"This claim involves a theft incident where a single vehicle was targeted, resulting in damages amounting to $2,618.74. Fortunately, there were no injuries reported during this event.",Simple,0
CLM-000850,POL-006471,2023/7/7 2:09,Theft/Comprehensive,1835.686703,4,"This claim involves the theft of one vehicle, with a total damage amount of $1,835.69. Fortunately, no injuries were reported among the four vehicles involved in the incident.",Moderate,0
CLM-000855,POL-006526,2024/7/12 4:43,Theft/Comprehensive,1283.750326,2,"This claim involves a theft incident with damage totaling $1,283.75 affecting two vehicles, though fortunately, there were no injuries reported. The lack of injuries allows us to focus solely on resolving the damage incurred.",Simple,0
CLM-000856,POL-006528,2023/9/26 19:11,Theft/Comprehensive,1771.343178,2,"This claim involves a theft incident affecting two vehicles, resulting in damages totaling $1,771.34. Thankfully, no injuries were reported during the event.",Simple,0
CLM-000858,POL-006542,2024/1/6 4:35,Theft/Comprehensive,1212.925962,3,"This claim involves a theft incident affecting three vehicles, resulting in damages totaling $1,212.93. Thankfully, no injuries were reported during the event.",Simple,0
CLM-000861,POL-006564,2024/2/1 8:04,Theft/Comprehensive,2382.379492,5,"This theft claim involves five vehicles, with damages totaling $2,382.38. Fortunately, there were no injuries reported in the incident.",Moderate,0
CLM-000862,POL-006564,2024/7/16 8:04,Major Collision,2397.644041,2,"This major collision involved two vehicles and resulted in damages amounting to $2,397.64. Fortunately, there were no injuries reported in the accident.",Simple,0
CLM-000863,POL-006581,2024/6/27 4:30,Fender-Bender,4284.471852,2,"A minor fender-bender involving two vehicles resulted in damages totaling $4,284.47. Unfortunately, the accident also led to one or more individuals sustaining injuries.",Moderate,0
CLM-000864,POL-006582,2024/2/8 1:45,Fender-Bender,4161.605352,1,"This claim involves a fender-bender incident with one vehicle sustaining damages amounting to $4,161.61. Thankfully, there were no injuries reported in the accident.",Simple,0
CLM-000865,POL-006595,2023/11/29 10:39,Fender-Bender,7306.585382,3,"In this fender-bender involving three vehicles, the collision resulted in injuries to one or more individuals. The total estimated damage is $7,306.59.",Complex,0
CLM-000870,POL-006628,2024/1/5 21:34,Theft/Comprehensive,1366.834691,1,"This claim involves a single vehicle theft with damages totaling $1,366.83. Fortunately, there were no injuries reported in this incident.",Simple,0
CLM-000871,POL-006649,2024/6/16 16:31,Major Collision,14082.7552,3,"This claim arises from a major collision involving three vehicles, resulting in significant damage totaling $14,082.76. Thankfully, there were no injuries reported in the incident.",Moderate,0
CLM-000872,POL-006649,2024/4/11 16:31,Fender-Bender,17185.16557,2,"This fender-bender involved two vehicles and resulted in significant damage amounting to $17,185.17; fortunately, there were no injuries reported.",Simple,0
CLM-000873,POL-006655,2023/10/17 8:50,Fender-Bender,9307.018704,1,"This fender-bender involved one vehicle and resulted in damage totaling $9,307.02. Fortunately, there were no injuries reported in the incident.",Simple,0
CLM-000874,POL-006661,2023/7/27 15:54,Theft/Comprehensive,1167.85878,1,"This claim pertains to a theft involving a single vehicle, resulting in damages amounting to $1,167.86. Fortunately, there were no injuries reported during this incident.",Simple,0
CLM-000877,POL-006698,2023/10/10 20:25,Fender-Bender,13138.54871,2,"This fender-bender involved two vehicles and resulted in significant damages amounting to $13,138.55. Thankfully, there were no injuries reported in the accident.",Simple,0
CLM-000880,POL-006714,2023/9/20 19:54,Theft/Comprehensive,3575.501887,1,"This claim involves a theft, with damages amounting to $3,575.50 for a single vehicle. Fortunately, no injuries were reported in the incident.",Simple,1
CLM-000881,POL-006720,2024/9/14 20:20,Theft/Comprehensive,4697.008859,3,"This claim is for a theft incident involving three vehicles, resulting in damages totaling $4,697.01. Fortunately, there were no injuries reported in the event.",Simple,0
CLM-000883,POL-006737,2024/2/1 0:13,Theft/Comprehensive,1166.47453,5,"This claim pertains to a theft incident involving five vehicles, resulting in damages totaling $1,166.47. Thankfully, there were no injuries reported during this incident.",Moderate,0
CLM-000884,POL-006737,2024/6/27 0:13,Fender-Bender,7983.115048,1,"A fender-bender resulted in damage amounting to $7,983.12 to the vehicle involved, but fortunately, there were no injuries reported in the incident. The driver is seeking compensation for the repair costs.",Simple,0
CLM-000887,POL-006765,2023/4/12 8:40,Theft/Comprehensive,4066.937472,1,"This claim involves a theft incident resulting in damages amounting to $4,066.94 for a single vehicle. Thankfully, there were no injuries reported during this event.",Simple,0
CLM-000892,POL-006788,2023/12/21 5:18,Theft/Comprehensive,4549.656296,1,"This claim concerns a theft incident involving a single vehicle, resulting in damages amounting to $4,549.66. Thankfully, no injuries were reported during this event.",Simple,0
CLM-000895,POL-006811,2024/4/4 9:36,Fender-Bender,11158.41577,1,"The accident resulted in a fender-bender with damages totaling $11,158.42, but fortunately, no injuries were reported. Only one vehicle was involved in this incident.",Simple,0
CLM-000896,POL-006811,2024/1/30 9:36,Theft/Comprehensive,913.727399,1,"This claim involves a theft incident resulting in damages totaling $913.73 to a single vehicle, with no injuries reported. The owner is seeking compensation for the comprehensive loss.",Simple,0
CLM-000897,POL-006823,2024/11/5 7:49,Theft/Comprehensive,5296.289283,2,"This claim involves a theft incident affecting two vehicles, resulting in damages amounting to $5,296.29. Fortunately, no injuries were reported during the event.",Simple,0
CLM-000898,POL-006823,2024/1/4 7:49,Fender-Bender,5359.192967,2,"This claim pertains to a fender-bender involving two vehicles, resulting in damages amounting to $5,359.19. Fortunately, there were no injuries reported in the incident.",Simple,1
CLM-000899,POL-006865,2024/3/5 11:54,Theft/Comprehensive,1219.430196,1,"This claim involves a theft incident resulting in damage valued at $1,219.43 to a single vehicle. Fortunately, there were no injuries reported during this event.",Simple,0
CLM-000900,POL-006865,2024/7/11 11:54,Fender-Bender,8779.539361,1,"This claim is for a fender-bender involving one vehicle, resulting in damage totaling $8,779.54. Fortunately, there were no injuries reported in the incident.",Simple,1
CLM-000903,POL-006918,2024/5/12 15:55,Theft/Comprehensive,1156.542862,1,"This claim pertains to a theft incident involving a single vehicle, resulting in damages totaling $1,156.54. Thankfully, no injuries were sustained during the incident.",Simple,0
CLM-000904,POL-006918,2023/10/10 15:55,Theft/Comprehensive,1901.637936,1,"There were no injuries reported in this theft incident, which involved a single vehicle. The total value of the stolen property amounts to $1,901.64.",Simple,0
CLM-000905,POL-006921,2023/5/18 22:55,Fender-Bender,2316.685593,2,"A minor fender-bender involving two vehicles resulted in damages totaling $2,316.69. Fortunately, there were no injuries reported from the incident.",Simple,0
CLM-000906,POL-006921,2023/7/7 22:55,Fender-Bender,4227.715655,2,"A minor fender-bender involving two vehicles resulted in damages amounting to $4,227.72, with no injuries reported. Fortunately, all parties involved walked away unharmed from the incident.",Simple,0
CLM-000907,POL-006925,2023/2/17 13:37,Fender-Bender,13488.88613,2,"This claim involves a fender-bender with two vehicles, resulting in significant damage totaling $13,488.89. Fortunately, no injuries were reported in the accident.",Simple,0
CLM-000909,POL-006943,2024/5/30 4:54,Theft/Comprehensive,704.803961,1,"A theft incident resulted in damages amounting to $704.80 for a single vehicle. Fortunately, there were no injuries reported during this event.",Simple,0
CLM-000910,POL-006943,2023/8/16 4:54,Theft/Comprehensive,2031.277951,1,"This claim involves a theft of a single vehicle, resulting in damage totaling $2,031.28. Fortunately, there were no injuries reported during the incident.",Simple,1
CLM-000911,POL-006945,2024/9/12 3:42,Theft/Comprehensive,921.7295451,3,"This claim involves a theft incident affecting three vehicles, resulting in damages totaling $921.73. Thankfully, no injuries were reported during the incident.",Simple,0
CLM-000912,POL-006949,2023/10/16 8:08,Theft/Comprehensive,842.7277096,2,"This claim involves a theft incident affecting two vehicles, resulting in damages totaling $842.73. Fortunately, there were no injuries reported during the event.",Simple,0
CLM-000914,POL-006964,2023/8/25 5:20,Theft/Comprehensive,623.8090932,2,"This claim involves a theft incident affecting two vehicles, resulting in damage valued at $623.81. Thankfully, there were no injuries reported during the event.",Simple,0
CLM-000915,POL-006982,2024/1/5 19:52,Theft/Comprehensive,1084.302476,3,"This claim involves a theft incident resulting in damages of $1,084.30, affecting three vehicles. Fortunately, there were no injuries reported during this incident.",Simple,0
CLM-000916,POL-007004,2023/4/12 22:14,Fender-Bender,8824.973569,2,"This fender-bender involved two vehicles and resulted in damages totaling $8,824.97, but fortunately, there were no injuries reported. While the impact caused significant damages, all parties were unharmed in the accident.",Simple,0
CLM-000917,POL-007013,2023/3/9 4:55,Fender-Bender,11856.74279,2,"This fender-bender involving two vehicles resulted in significant damage amounting to $11,856.74, but thankfully, there were no injuries reported. The drivers managed to exchange information without any physical harm.",Simple,0
CLM-000920,POL-007036,2024/10/15 5:36,Fender-Bender,4908.55712,1,"The accident resulted in a fender-bender with damage estimated at $4,908.56, but fortunately, no injuries were reported. Only one vehicle was involved in this incident.",Simple,0
CLM-000921,POL-007058,2023/3/31 9:41,Theft/Comprehensive,1889.483215,1,"This claim involves a theft incident affecting a single vehicle, resulting in damages totaling $1,889.48. Thankfully, there were no injuries reported related to this incident.",Simple,0
CLM-000922,POL-007058,2023/6/30 9:41,Fender-Bender,10120.82104,2,"A fender-bender involving two vehicles resulted in significant damage amounting to $10,120.82; fortunately, there were no injuries reported in the incident.",Simple,0
CLM-000923,POL-007066,2024/1/20 23:29,Theft/Comprehensive,1937.519627,1,"This claim involves the theft of a single vehicle, resulting in damages totaling $1,937.52. Fortunately, there were no injuries reported during the incident.",Simple,0
CLM-000933,POL-007138,2023/9/17 7:22,Theft/Comprehensive,1405.625575,2,"This claim pertains to a theft incident involving two vehicles, resulting in a loss valued at $1,405.63. Fortunately, no injuries were reported during the event.",Simple,0
CLM-000935,POL-007150,2023/9/12 1:51,Theft/Comprehensive,1355.691787,2,"This claim involves a theft incident affecting two vehicles, resulting in damages totaling $1,355.69. Fortunately, there were no injuries reported during the event.",Simple,0
CLM-000938,POL-007175,2024/4/22 11:47,Theft/Comprehensive,2641.053908,1,"This claim pertains to a theft incident involving one vehicle, resulting in damages totaling $2,641.05. Thankfully, no injuries were reported during the occurrence.",Simple,0
CLM-000939,POL-007177,2024/3/5 21:46,Theft/Comprehensive,2612.187824,2,"This claim involves a theft incident resulting in damages totaling $2,612.19 across two vehicles. Fortunately, there were no injuries reported during the incident.",Simple,0
CLM-000940,POL-007177,2024/6/15 21:46,Fender-Bender,3350.764037,1,"In a recent fender-bender, the single vehicle involved sustained damages amounting to $3,350.76. Unfortunately, the accident also led to one or more injuries, highlighting the severity of the collision.",Moderate,1
CLM-000943,POL-007231,2024/7/6 9:43,Fender-Bender,3209.519464,2,"This fender-bender involved two vehicles and resulted in damages totaling $3,209.52, fortunately with no injuries reported. Both drivers were unharmed, allowing for a smooth exchange of insurance information after the incident.",Simple,0
CLM-000946,POL-007271,2023/9/25 11:40,Fender-Bender,3583.878922,1,"This claim involves a minor fender-bender with only one vehicle, resulting in damages amounting to $3,583.88. Fortunately, there were no injuries reported in this incident.",Simple,0
CLM-000947,POL-007277,2023/9/10 4:30,Fender-Bender,9713.403851,4,"A fender-bender involving four vehicles resulted in significant damage totaling $9,713.40; fortunately, no injuries were reported in this incident. The accident, while causing extensive repairs, did not affect the health of those involved.",Moderate,0
CLM-000948,POL-007281,2023/12/1 17:25,Theft/Comprehensive,2705.708193,1,"This claim involves the theft of a single vehicle valued at $2,705.71. Fortunately, no injuries were sustained during the incident.",Simple,0
CLM-000950,POL-007292,2024/5/19 8:20,Fender-Bender,4765.82805,1,"This claim involves a fender-bender causing damage estimated at $4,765.83 to a single vehicle, with no injuries reported. Fortunately, all parties walked away unharmed from the incident.",Simple,0
CLM-000952,POL-007296,2023/7/8 19:31,Theft/Comprehensive,4529.576406,2,"This claim involves a theft incident with two vehicles, resulting in damage totaling $4,529.58. Thankfully, no injuries occurred during the event.",Simple,0
CLM-000953,POL-007307,2023/8/12 12:16,Theft/Comprehensive,4043.266546,2,"This claim involves a theft incident resulting in damages totaling $4,043.27, affecting two vehicles. Fortunately, there were no injuries reported during this incident.",Simple,0
CLM-000955,POL-007318,2023/10/12 4:55,Fender-Bender,1744.479479,1,"This claim involves a fender-bender with damage totaling $1,744.48 to a single vehicle, and fortunately, no injuries were reported in the incident.",Simple,0
CLM-000956,POL-007323,2024/5/5 22:40,Fender-Bender,12126.52075,2,"In a fender-bender involving two vehicles, the impact resulted in several injuries alongside significant vehicle damage amounting to $12,126.52. The situation underscores the importance of careful driving to prevent such incidents.",Complex,0
CLM-000960,POL-007379,2024/4/6 1:44,Theft/Comprehensive,3906.770799,1,"This claim pertains to a theft incident involving a single vehicle, resulting in damages amounting to $3,906.77. Fortunately, there were no injuries reported during the event.",Simple,0
CLM-000961,POL-007388,2023/9/3 23:06,Theft/Comprehensive,2585.139926,1,"This claim involves a theft of a single vehicle, with damages totaling $2,585.14. Fortunately, no injuries were reported during the incident.",Simple,0
CLM-000963,POL-007424,2023/11/3 0:55,Theft/Comprehensive,4260.628618,3,"This claim pertains to a theft incident involving three vehicles, resulting in damages amounting to $4,260.63. Fortunately, there were no injuries reported during the incident.",Moderate,0
CLM-000965,POL-007433,2024/1/25 6:37,Theft/Comprehensive,575.2289235,2,"This claim involves a theft incident affecting two vehicles, resulting in damages totaling $575.23. Thankfully, no injuries were reported in the accident.",Simple,0
CLM-000966,POL-007433,2023/8/27 6:37,Theft/Comprehensive,3057.63886,2,"This claim involves a theft incident affecting two vehicles, resulting in damages totaling $3,057.64. Fortunately, there were no injuries reported in this event.",Simple,1
CLM-000968,POL-007454,2024/2/2 22:05,Theft/Comprehensive,2040.83369,1,"This claim involves the theft of a single vehicle, with damages amounting to $2,040.83. Fortunately, no injuries occurred during the incident.",Simple,0
CLM-000969,POL-007456,2024/2/21 15:31,Major Collision,9493.533737,5,"A major collision involving five vehicles resulted in significant damages totaling $9,493.53, and there were reported injuries among the parties involved. The severity of the incident underscores the importance of safe driving practices.",Complex,0
CLM-000970,POL-007471,2024/1/11 3:05,Theft/Comprehensive,3909.910582,2,"This claim involves a theft incident resulting in damages totaling $3,909.91 across two vehicles. Fortunately, no injuries were reported during the event.",Simple,0
CLM-000971,POL-007480,2024/1/15 19:49,Fender-Bender,3417.177179,2,"A minor fender-bender involving two vehicles resulted in damages totaling $3,417.18. Fortunately, no injuries were reported in this incident.",Simple,0
CLM-000972,POL-007482,2023/10/23 3:40,Theft/Comprehensive,3024.241345,2,"This claim involves a theft incident resulting in a loss of $3,024.24, affecting two vehicles. Fortunately, no injuries were reported during the event.",Simple,0
CLM-000979,POL-007535,2023/8/29 4:57,Fender-Bender,3239.100937,2,"This was a fender-bender involving two vehicles, resulting in damage totaling $3,239.10. Fortunately, there were no injuries reported from the incident.",Simple,1
CLM-000980,POL-007541,2024/2/23 14:37,Theft/Comprehensive,2989.224463,5,"This claim involves a theft incident resulting in a comprehensive damage assessment of $2,989.22 across five vehicles. Fortunately, there were no injuries reported during this event.",Moderate,1
CLM-000981,POL-007564,2023/8/17 11:17,Theft/Comprehensive,4601.625918,1,"This claim involves the theft of a single vehicle, resulting in a total loss of $4,601.63. Fortunately, there were no injuries reported in this incident.",Simple,0
CLM-000985,POL-007581,2024/9/14 0:00,Major Collision,3800.926108,2,"This major collision involved two vehicles and resulted in damages totaling $3,800.93. Regrettably, the accident also led to one or more injuries.",Moderate,0
CLM-000986,POL-007588,2023/10/3 22:27,Theft/Comprehensive,1618.943249,2,"This theft incident involved two vehicles, resulting in a total damage of $1,618.94, but fortunately, no injuries were reported. The situation is being documented under comprehensive coverage.",Simple,0
CLM-000990,POL-007627,2024/8/22 17:54,Fender-Bender,3230.188446,1,"This insurance claim pertains to a fender-bender incident involving one vehicle, resulting in damages totaling $3,230.19. Fortunately, no injuries were reported during the accident.",Simple,0
CLM-000991,POL-007638,2023/11/12 22:51,Theft/Comprehensive,3280.900884,1,"This claim involves a theft incident resulting in damage valued at $3,280.90 to a single vehicle, with no injuries reported. The focus remains on the vehicle's damage, as all parties are unharmed.",Simple,0
CLM-000992,POL-007652,2024/2/1 6:49,Theft/Comprehensive,2381.316064,1,"This claim pertains to a theft incident involving one vehicle, resulting in damages amounting to $2,381.32. Fortunately, there were no injuries reported during this event.",Simple,0
CLM-000993,POL-007660,2024/1/23 23:23,Theft/Comprehensive,1445.278561,2,"This claim pertains to a theft incident involving two vehicles, resulting in damages totaling $1,445.28. Thankfully, no injuries were reported during this unfortunate event.",Simple,1
CLM-000994,POL-007660,2024/7/14 23:23,Fender-Bender,4250.963901,1,"In a recent fender-bender, one vehicle sustained damages amounting to $4,250.96, and unfortunately, there were injuries reported as a result of the accident. The circumstances of the incident have left those involved shaken and seeking appropriate care.",Moderate,0
CLM-000995,POL-007660,2023/11/10 23:23,Theft/Comprehensive,4063.832567,1,"This claim involves a theft incident resulting in damages of $4,063.83 to a single vehicle. Thankfully, no injuries were sustained during the event.",Simple,1
CLM-000996,POL-007668,2024/8/31 19:44,Fender-Bender,8101.267128,1,"This fender-bender resulted in significant damage amounting to $8,101.27, but fortunately, no injuries were reported for the single vehicle involved in the incident. The car sustained serious impacts, yet everyone remained unharmed.",Simple,0
CLM-000999,POL-007677,2023/4/5 0:48,Theft/Comprehensive,1305.7037,1,"This claim involves a theft of a single vehicle, resulting in a loss of $1,305.70. Thankfully, there were no injuries reported during the incident.",Simple,1
CLM-001003,POL-007701,2023/12/4 22:29,Fender-Bender,8828.083707,1,"In a recent fender-bender, one vehicle sustained significant damage amounting to $8,828.08, and unfortunately, the accident resulted in one or more injuries. The incident underscores the serious implications of even minor collisions.",Moderate,0
CLM-001004,POL-007708,2023/9/11 14:10,Theft/Comprehensive,2480.406202,2,"This claim involves a theft incident resulting in damages totaling $2,480.41, affecting two vehicles. Fortunately, there were no injuries reported.",Simple,1
CLM-001005,POL-007722,2023/9/20 4:37,Theft/Comprehensive,4435.007229,1,"This claim involves a theft incident resulting in damage valued at $4,435.01 to a single vehicle. Thankfully, no injuries were reported during the occurrence.",Simple,0
CLM-001006,POL-007726,2024/5/4 10:48,Theft/Comprehensive,908.1661654,4,"This claim relates to a theft incident involving four vehicles, resulting in damages amounting to $908.17. Thankfully, there were no injuries reported during this occurrence.",Moderate,0
CLM-001014,POL-007770,2024/4/22 4:05,Theft/Comprehensive,1634.119552,2,"This claim involves a theft incident affecting two vehicles, resulting in damages totaling $1,634.12. Thankfully, there were no injuries reported during the event.",Simple,0
CLM-001015,POL-007783,2023/10/20 6:37,Theft/Comprehensive,1731.829448,1,"This claim involves a theft incident affecting a single vehicle, resulting in damage valued at $1,731.83. Fortunately, no injuries were reported during the event.",Simple,0
CLM-001016,POL-007788,2023/3/22 12:26,Theft/Comprehensive,2388.176759,1,"This claim involves the theft of a single vehicle, resulting in damages totaling $2,388.18. Thankfully, no injuries were reported during the incident.",Simple,0
CLM-001017,POL-007788,2024/1/2 12:26,Fender-Bender,1478.439332,2,"This fender-bender involved two vehicles and resulted in damage totaling $1,478.44. Thankfully, there were no injuries reported following the incident.",Simple,1
CLM-001018,POL-007795,2024/5/5 0:23,Major Collision,12429.38846,2,"This major collision involved two vehicles and resulted in significant damage amounting to $12,429.39. Fortunately, there were no injuries reported for anyone involved in the incident.",Simple,0
CLM-001019,POL-007795,2024/4/20 0:23,Fender-Bender,2314.565945,1,"This claim involves a fender-bender that caused $2,314.57 in damage to a single vehicle. Thankfully, there were no injuries reported in the incident.",Simple,0
CLM-001021,POL-007805,2024/2/15 20:15,Theft/Comprehensive,1335.153302,1,"This claim involves a theft incident where no injuries were reported. The total damage amounts to $1,335.15 for the single vehicle involved.",Simple,0
CLM-001022,POL-007846,2024/8/14 9:04,Fender-Bender,3532.523192,5,"This fender-bender involving five vehicles resulted in damage totaling $3,532.52, but fortunately, no injuries were reported. All drivers are safe, and the focus is now on managing the repairs.",Moderate,0
CLM-001027,POL-007906,2024/1/14 10:14,Fender-Bender,14861.08934,1,"This fender-bender resulted in significant damage amounting to $14,861.09. Fortunately, there were no injuries reported in the incident, involving just the one vehicle.",Simple,0
CLM-001029,POL-007919,2023/7/1 16:59,Theft/Comprehensive,1760.002966,2,"This claim pertains to a theft incident involving two vehicles, resulting in damages of $1,760. Fortunately, there were no injuries reported during the event.",Simple,0
CLM-001032,POL-007938,2023/8/6 4:02,Fender-Bender,4068.640454,1,"This claim involves a fender-bender with damages totaling $4,068.64, affecting one vehicle. Thankfully, no injuries were reported in the incident.",Simple,0
CLM-001034,POL-007955,2024/2/11 10:25,Fender-Bender,9042.53375,3,"This claim involves a fender-bender incident with three vehicles, resulting in damages totaling $9,042.53. Fortunately, there were no injuries reported for anyone involved in the accident.",Simple,0
CLM-001035,POL-007958,2024/2/19 4:07,Major Collision,8310.226766,2,"The major collision involving two vehicles resulted in significant damage amounting to $8,310.23 and left one or more individuals injured. Emergency services were called to the scene, and medical attention was provided to those affected.",Complex,0
CLM-001039,POL-007965,2024/11/8 18:42,Theft/Comprehensive,583.0192719,1,"A theft incident involving my vehicle resulted in damages totaling $583.02. Fortunately, there were no injuries reported in this incident.",Simple,0
CLM-001040,POL-007971,2023/10/17 10:07,Theft/Comprehensive,1656.195286,1,"This claim is for a theft incident involving a single vehicle, resulting in damages totaling $1,656.20. Fortunately, no injuries were reported during the event.",Simple,0
CLM-001041,POL-007975,2023/10/30 7:28,Major Collision,90657.47678,1,"This claim involves a major collision resulting in significant damage estimated at $90,657.48 to a single vehicle. Fortunately, no injuries were reported during the incident.",Simple,0
CLM-001043,POL-007978,2023/4/25 1:14,Fender-Bender,2775.591327,1,"A minor fender-bender occurred involving one vehicle, resulting in damage totaling $2,775.59. Fortunately, there were no injuries reported in this incident.",Simple,0
CLM-001044,POL-007979,2023/7/24 0:49,Fender-Bender,2307.926283,2,"This fender-bender involved two vehicles, resulting in estimated damages of $2,307.93. Fortunately, no injuries were reported as a result of the accident.",Simple,0
CLM-001046,POL-007989,2024/7/19 10:57,Fender-Bender,32424.89641,2,"This fender-bender involved two vehicles and resulted in significant damage amounting to $32,424.90; thankfully, there were no injuries reported in the accident.",Moderate,0
CLM-001047,POL-007993,2023/9/3 21:04,Theft/Comprehensive,3644.880746,1,"This claim involves a theft of a single vehicle, resulting in damages amounting to $3,644.88. Fortunately, there were no injuries reported during the incident.",Simple,0
CLM-001051,POL-008004,2024/4/20 17:13,Major Collision,16289.27086,2,"In a major collision involving two vehicles, the accident resulted in injuries to one or more individuals, with damage assessed at $16,289.27. The seriousness of the incident highlights the need for thorough evaluation and support for those affected.",Complex,0
CLM-001052,POL-008039,2023/11/20 15:13,Theft/Comprehensive,2551.136895,1,"This is a theft claim involving a single vehicle, with damages totaling $2,551.14. Fortunately, no injuries were reported in the incident.",Simple,0
CLM-001056,POL-008071,2024/4/22 9:36,Theft/Comprehensive,5358.641601,1,"This claim arises from a theft incident involving a single vehicle, with damages totaling $5,358.64. Fortunately, no one was injured during the event.",Simple,0
CLM-001061,POL-008098,2024/5/18 0:48,Theft/Comprehensive,4172.57384,3,"This claim involves a theft situation affecting three vehicles, resulting in damage totaling $4,172.57. Thankfully, no injuries were reported during the incident.",Simple,0
CLM-001064,POL-008129,2023/2/14 3:47,Theft/Comprehensive,1603.048199,1,"This claim pertains to a theft incident involving a single vehicle, resulting in damages amounting to $1,603.05. Thankfully, no injuries were reported during this incident.",Simple,0
CLM-001066,POL-008142,2024/12/12 22:19,Theft/Comprehensive,1632.760196,2,"This claim involves a theft incident resulting in a loss of $1,632.76, affecting two vehicles. Fortunately, no injuries were reported during the event.",Simple,0
CLM-001072,POL-008217,2024/1/7 1:59,Theft/Comprehensive,1515.426243,1,"This claim pertains to a theft involving a single vehicle, with damages amounting to $1,515.43. Fortunately, no injuries were reported in this incident.",Simple,0
CLM-001073,POL-008227,2023/11/23 11:19,Major Collision,9140.840268,1,"This claim pertains to a major collision involving a single vehicle, resulting in damages totaling $9,140.84. Thankfully, there were no injuries reported during this incident.",Simple,0
CLM-001074,POL-008241,2023/10/13 6:05,Theft/Comprehensive,1360.459687,1,"A theft incident involving a single vehicle resulted in a loss of $1360.46. Fortunately, no injuries were reported during this occurrence.",Simple,0
CLM-001075,POL-008246,2023/11/26 12:37,Fender-Bender,8511.953215,1,"This fender-bender resulted in significant damage amounting to $8,511.95, but fortunately, there were no injuries reported. Only one vehicle was involved in the incident.",Simple,0
CLM-001077,POL-008249,2023/11/18 18:31,Fender-Bender,3857.796721,1,"In a minor fender-bender accident involving one vehicle, there were no injuries reported. The damage incurred amounts to $3,857.80.",Simple,0
CLM-001086,POL-008320,2024/2/3 15:49,Theft/Comprehensive,1449.910238,2,"This claim involves a theft incident with two vehicles affected, resulting in damages amounting to $1,449.91. Fortunately, there were no injuries reported during the event.",Simple,0
CLM-001087,POL-008324,2024/5/21 22:33,Theft/Comprehensive,1159.590461,2,"This claim involves a theft incident where two vehicles were impacted, resulting in damages amounting to $1,159.59. Thankfully, there were no injuries reported during this event.",Simple,0
CLM-001089,POL-008336,2024/4/7 23:13,Theft/Comprehensive,2996.538992,2,"This claim pertains to a theft incident involving two vehicles, resulting in damages amounting to $2,996.54. Fortunately, there were no injuries reported during this event.",Simple,0
CLM-001093,POL-008379,2024/4/19 11:17,Fender-Bender,15511.16486,1,"This claim involves a fender-bender with a total damage amount of $15,511.16 affecting one vehicle, but fortunately, there were no injuries reported in the incident.",Simple,0
CLM-001094,POL-008397,2023/7/30 9:19,Theft/Comprehensive,3962.854262,2,"This theft incident involved two vehicles and resulted in damages totaling $3,962.85. Fortunately, there were no injuries reported.",Simple,0
CLM-001095,POL-008398,2023/9/9 17:39,Fender-Bender,18127.26197,2,"This claim involves a fender-bender incident between two vehicles, resulting in significant damage amounting to $18,127.26. Fortunately, there were no injuries reported in the accident.",Simple,0
CLM-001096,POL-008398,2024/5/2 17:39,Theft/Comprehensive,3107.781346,4,"This claim involves a theft incident affecting four vehicles, resulting in damages totaling $3,107.78. Fortunately, no injuries were reported during this occurrence.",Moderate,0
CLM-001097,POL-008432,2024/5/29 1:00,Fender-Bender,10257.17879,2,"This claim concerns a fender-bender involving two vehicles, resulting in damages totaling $10,257.18. Fortunately, there were no injuries reported in the accident.",Simple,0
CLM-001101,POL-008473,2024/1/11 9:36,Major Collision,2111.750652,1,"This claim involves a major collision with one vehicle, resulting in damages totaling $2,111.75. Fortunately, there were no injuries reported in the incident.",Simple,0
CLM-001102,POL-008483,2024/3/22 1:27,Major Collision,1653.084689,1,"In a major collision involving one vehicle, the incident resulted in injuries to the occupants, leading to a damage assessment of $1,653.08. The situation underscores the serious consequences that can arise from car accidents.",Moderate,1
CLM-001103,POL-008491,2024/4/20 3:28,Fender-Bender,5868.043791,1,"In a recent fender-bender, one vehicle sustained significant damage estimated at $5,868.04, and unfortunately, the accident also resulted in one or more injuries. The incident highlights the importance of road safety and the potential consequences of even minor collisions.",Moderate,0
CLM-001104,POL-008491,2023/11/30 3:28,Theft/Comprehensive,1616.015717,1,"This claim pertains to a theft involving a single vehicle, resulting in damages of $1,616.02. Fortunately, there were no injuries reported during the incident.",Simple,1
CLM-001105,POL-008495,2023/11/29 2:33,Theft/Comprehensive,2119.423859,2,"This claim arises from a theft incident involving two vehicles, resulting in damage totaling $2,119.42. Fortunately, there were no injuries reported during the event.",Simple,0
CLM-001108,POL-008564,2024/2/27 14:48,Theft/Comprehensive,8326.459044,1,"This claim involves a theft of a single vehicle, with damages totaling $8,326.46. Fortunately, there were no injuries reported in this incident.",Simple,0
CLM-001110,POL-008609,2023/11/5 16:56,Theft/Comprehensive,3785.213263,3,"This theft incident involved three vehicles and resulted in damages totaling $3,785.21. Fortunately, there were no injuries reported during the event.",Simple,0
CLM-001112,POL-008636,2024/6/4 16:52,Theft/Comprehensive,1667.210927,2,"This claim involves a theft incident affecting two vehicles, resulting in damages totaling $1667.21. Thankfully, there were no injuries reported during the event.",Simple,0
CLM-001114,POL-008647,2024/6/12 14:20,Major Collision,6229.153397,2,"This major collision involving two vehicles resulted in injuries to at least one party. The estimated damage amounts to $6,229.15.",Moderate,0
CLM-001115,POL-008654,2024/4/14 18:49,Theft/Comprehensive,902.072859,5,"This claim involves the theft of a vehicle among five that were affected, resulting in damages totaling $902.07. Fortunately, there were no injuries reported in the incident.",Moderate,0
CLM-001116,POL-008660,2024/7/26 18:24,Fender-Bender,2381.080574,5,"A fender-bender involving five vehicles resulted in damages amounting to $2,381.08. Fortunately, there were no injuries reported in the accident.",Moderate,0
CLM-001117,POL-008660,2024/1/4 18:24,Theft/Comprehensive,1689.668397,1,"This claim involves a theft incident involving my vehicle, resulting in damages totaling $1,689.67. Fortunately, no injuries occurred during the event.",Simple,0
CLM-001119,POL-008678,2024/6/11 11:21,Theft/Comprehensive,3109.942488,2,"This claim involves a theft incident with two vehicles, resulting in damages amounting to $3,109.94. Fortunately, there were no injuries reported in the incident.",Simple,0
CLM-001121,POL-008687,2023/7/29 15:45,Theft/Comprehensive,5615.307863,1,"This claim pertains to a theft incident involving a single vehicle, resulting in damages totaling $5,615.31. Fortunately, there were no injuries reported during the event.",Simple,0
CLM-001124,POL-008703,2024/1/27 12:52,Fender-Bender,9616.223885,1,"This claim involves a fender-bender with damages totaling $9,616.22; fortunately, there were no injuries reported in this incident involving just one vehicle. The accident resulted in significant damage, but all parties emerged unharmed.",Simple,0
CLM-001125,POL-008706,2024/8/3 7:58,Theft/Comprehensive,2639.916786,1,"This claim involves a theft incident affecting a single vehicle, resulting in damages totaling $2,639.92. Fortunately, there were no injuries reported during this event.",Simple,0
CLM-001127,POL-008717,2023/10/4 13:37,Fender-Bender,3199.584162,2,"A minor fender-bender occurred involving two vehicles, resulting in damage totaling $3,199.58. Fortunately, there were no injuries reported in this incident.",Simple,0
CLM-001129,POL-008749,2024/3/13 3:00,Major Collision,21040.15353,1,"The accident caused significant damage to the vehicle, totaling $21,040.15, and unfortunately resulted in one or more injuries to the driver. This major collision underscores the need for careful driving, as the incident had serious consequences.",Moderate,0
CLM-001131,POL-008771,2023/12/31 22:28,Major Collision,44877.37343,1,"A major collision involving a single vehicle resulted in injuries, with damages estimated at $44,877.37. The severity of the injuries sustained underscores the serious nature of this accident.",Moderate,0
CLM-001135,POL-008801,2023/1/31 3:42,Theft/Comprehensive,1377.680178,1,"A theft incident involving a single vehicle resulted in damages amounting to $1,377.68. Fortunately, there were no injuries reported in this case.",Simple,0
CLM-001138,POL-008813,2024/1/30 15:33,Fender-Bender,9728.078495,1,"This claim pertains to a fender-bender involving one vehicle, resulting in damage amounting to $9,728.08. Fortunately, no injuries were reported in the incident.",Simple,1
CLM-001140,POL-008832,2024/4/3 5:17,Theft/Comprehensive,2607.507053,1,"This claim involves a theft of a single vehicle, resulting in damages amounting to $2,607.51. Fortunately, there were no injuries reported in this incident.",Simple,1
CLM-001144,POL-008862,2023/11/10 19:00,Fender-Bender,1400.678409,1,"The incident involved a single vehicle and resulted in damage totaling $1,400.68. Fortunately, there were no injuries reported in this fender-bender.",Simple,0
CLM-001145,POL-008862,2024/1/24 19:00,Theft/Comprehensive,752.9984042,1,"This claim involves a theft incident affecting a single vehicle, resulting in damages totaling $753. Fortunately, no injuries were reported during the event.",Simple,0
CLM-001146,POL-008878,2023/10/21 6:40,Major Collision,1269.648775,1,"A major collision involving a single vehicle caused injuries to the driver, resulting in damage totaling $1,269.65. The impact of the accident necessitated medical attention for those injured.",Moderate,0
CLM-001147,POL-008884,2024/3/19 11:08,Theft/Comprehensive,2372.404087,1,"This claim pertains to a comprehensive theft incident involving a single vehicle, resulting in damages totaling $2,372.40. Thankfully, there were no injuries sustained during this unfortunate event.",Simple,0
CLM-001148,POL-008893,2023/3/13 13:00,Theft/Comprehensive,2248.694822,1,"This claim involves a theft incident where one vehicle was affected, resulting in damages amounting to $2,248.69. Fortunately, there were no injuries reported during the event.",Simple,1
CLM-001149,POL-008900,2024/5/12 0:53,Theft/Comprehensive,1633.211667,1,"This claim involves a theft of a single vehicle valued at $1,633.21, and fortunately, no injuries were reported during the incident. The focus is on the loss of the vehicle, as all parties involved remained unscathed.",Simple,0
CLM-001150,POL-008908,2023/9/5 0:45,Theft/Comprehensive,2556.857004,1,"This claim involves a theft incident affecting a single vehicle, resulting in damages amounting to $2,556.86. Fortunately, there were no injuries reported in this case.",Simple,0
CLM-001154,POL-008916,2024/1/20 15:52,Theft/Comprehensive,1353.010926,5,"This claim pertains to a theft incident involving five vehicles, totaling damages of $1,353.01. Fortunately, there were no injuries reported during the event.",Moderate,0
CLM-001155,POL-008927,2023/10/17 15:59,Fender-Bender,5863.248078,2,"A minor fender-bender involving two vehicles resulted in damages totaling $5,863.25, but fortunately, there were no injuries reported in this incident.",Simple,0
CLM-001157,POL-008950,2023/11/3 10:15,Theft/Comprehensive,442.7069783,1,"This claim concerns a theft incident involving a single vehicle, resulting in damages totaling $442.71. Thankfully, no injuries were reported during this event.",Simple,0
CLM-001158,POL-008952,2023/10/7 7:03,Major Collision,24572.25035,3,"The major collision involved three vehicles and caused significant damage amounting to $24,572.25. Unfortunately, the accident resulted in injuries to one or more individuals.",Complex,0
CLM-001159,POL-008954,2023/10/23 9:24,Theft/Comprehensive,3244.27811,1,"This claim pertains to a theft incident involving one vehicle, resulting in damages totaling $3,244.28. Fortunately, there were no injuries reported during this incident.",Simple,0
CLM-001161,POL-008969,2023/3/10 10:29,Theft/Comprehensive,4519.372521,1,"This claim is for a theft involving a single vehicle, resulting in damages amounting to $4,519.37. Fortunately, there were no injuries reported in this incident.",Simple,1
CLM-001162,POL-008978,2024/2/18 20:14,Theft/Comprehensive,421.9741574,2,"This claim pertains to a theft incident involving two vehicles, resulting in damages totaling $421.97. Thankfully, there were no injuries reported during this event.",Simple,0
CLM-001163,POL-008979,2024/11/3 21:19,Theft/Comprehensive,666.419142,2,"This claim relates to a theft incident involving two vehicles, resulting in damages amounting to $666.42. Thankfully, there were no injuries reported during this occurrence.",Simple,0
CLM-001166,POL-008988,2024/3/2 14:56,Major Collision,42168.9225,2,"The major collision involving two vehicles caused significant damage amounting to $42,168.92 and resulted in multiple injuries. The severity of the injuries underscores the serious nature of the accident.",Complex,0
CLM-001167,POL-009007,2024/2/6 9:09,Theft/Comprehensive,2451.255234,4,"This claim pertains to a theft incident involving four vehicles, resulting in a loss estimated at $2,451.26. Fortunately, there were no injuries reported during this event.",Moderate,0
CLM-001169,POL-009023,2023/11/23 16:05,Theft/Comprehensive,2226.179868,3,"This claim pertains to a theft incident involving three vehicles, resulting in damages totaling $2,226.18. Fortunately, there were no injuries reported in the incident.",Simple,1
CLM-001170,POL-009032,2023/7/18 10:38,Fender-Bender,14714.60619,1,"In this fender-bender incident, one vehicle was involved, resulting in significant damage amounting to $14,714.61 and multiple injuries. The situation highlights the seriousness of the collision despite being a single-vehicle accident.",Moderate,0
CLM-001178,POL-009099,2024/4/4 13:20,Theft/Comprehensive,3555.472664,1,"This claim involves a theft incident affecting a single vehicle, resulting in damages amounting to $3,555.47. Fortunately, there were no injuries reported during this incident.",Simple,0
CLM-001184,POL-009118,2023/12/20 1:50,Fender-Bender,3014.549765,1,"This fender-bender resulted in damage amounting to $3,014.55, but thankfully, there were no injuries reported. Only one vehicle was involved in the incident.",Simple,0
CLM-001185,POL-009120,2023/10/6 16:23,Fender-Bender,11508.32662,1,"This claim involves a single-vehicle fender-bender with damages totaling $11,508.33. Fortunately, there were no injuries reported in the incident.",Simple,0
CLM-001186,POL-009136,2023/12/8 6:21,Theft/Comprehensive,2222.617169,1,"This claim involves a theft incident with a single vehicle, resulting in damages totaling $2,222.62. Fortunately, no injuries were reported during the event.",Simple,0
CLM-001188,POL-009153,2023/12/7 21:24,Theft/Comprehensive,4039.006779,1,"This claim involves a theft incident related to a single vehicle, with damages totaling $4,039.01. Fortunately, there were no injuries reported during this event.",Simple,0
CLM-001192,POL-009179,2023/9/19 12:54,Theft/Comprehensive,3523.361439,2,"This claim is for a theft incident involving two vehicles, resulting in damage amounting to $3,523.36. Thankfully, no injuries were sustained during this event.",Simple,0
CLM-001193,POL-009184,2024/3/25 19:44,Fender-Bender,7082.165895,1,"This fender-bender resulted in significant damage amounting to $7,082.17, but fortunately, there were no injuries reported. Only one vehicle was involved in the incident.",Simple,0
CLM-001194,POL-009184,2023/12/24 19:44,Fender-Bender,16631.26492,1,"This claim involves a fender-bender that resulted in damage costs amounting to $16,631.26. Thankfully, there were no injuries reported in the incident, which only involved one vehicle.",Simple,0
CLM-001195,POL-009206,2023/7/20 14:47,Fender-Bender,8040.773229,1,"In a recent fender-bender involving one vehicle, significant damages totaling $8,040.77 were incurred, and unfortunately, the accident also resulted in one or more injuries. Emergency services were called to assess both the vehicle and the individuals affected.",Moderate,0
CLM-001196,POL-009207,2023/11/24 5:58,Theft/Comprehensive,268.1680702,1,"This claim involves a theft incident affecting a single vehicle, resulting in damage amounting to $268.17. Fortunately, no injuries were reported during the incident.",Simple,0
CLM-001197,POL-009208,2023/11/8 1:44,Fender-Bender,7141.594133,1,"This fender-bender resulted in $7,141.59 worth of damage to a single vehicle, but fortunately, there were no injuries reported. The accident caused no harm to anyone involved.",Simple,0
CLM-001198,POL-009209,2024/5/13 15:42,Major Collision,1761.355235,2,"In a major collision involving two vehicles, there was substantial damage amounting to $1,761.36, and at least one individual sustained injuries during the incident. The circumstances of the accident have raised concerns about the safety of those involved.",Moderate,0
CLM-001203,POL-009226,2023/10/28 5:01,Theft/Comprehensive,1127.503309,1,"This claim pertains to a theft incident involving a single vehicle, resulting in a loss valued at $1,127.50. Thankfully, there were no injuries reported during this event.",Simple,0
CLM-001204,POL-009226,2024/1/17 5:01,Major Collision,12050.53862,1,"The major collision caused significant damage amounting to $12,050.54 and resulted in injuries to the driver of the single vehicle involved. Emergency services were called to the scene to assess the injuries and provide necessary medical assistance.",Moderate,0
CLM-001205,POL-009226,2023/12/12 5:01,Theft/Comprehensive,4154.764192,2,"This claim involves a theft incident affecting two vehicles, resulting in damages totaling $4,154.76. Fortunately, no injuries were reported during the incident.",Simple,1
CLM-001206,POL-009233,2024/3/4 20:49,Fender-Bender,1705.671088,1,"A minor fender-bender occurred involving one vehicle, resulting in damages amounting to $1,705.67. Fortunately, there were no injuries reported in this incident.",Simple,0
CLM-001211,POL-009263,2024/8/23 21:25,Theft/Comprehensive,1628.675738,2,"This claim involves a theft incident with comprehensive damage totaling $1,628.68, affecting two vehicles. Fortunately, no injuries were reported in this unfortunate situation.",Simple,0
CLM-001212,POL-009263,2023/11/14 21:25,Theft/Comprehensive,1605.903171,1,"A theft incident involving a single vehicle resulted in damages amounting to $1,605.90. Thankfully, there were no injuries reported during this event.",Simple,1
CLM-001213,POL-009267,2024/7/21 8:07,Theft/Comprehensive,1286.005436,2,"This is a theft/comprehensive claim involving two vehicles, with damages totaling $1,286.01. Thankfully, there were no injuries reported in this incident.",Simple,0
CLM-001214,POL-009267,2023/8/25 8:07,Theft/Comprehensive,1373.87836,1,"This claim involves a theft of a single vehicle with damages totaling $1,373.88. Fortunately, there were no injuries reported during the incident.",Simple,0
CLM-001215,POL-009273,2023/12/17 10:18,Theft/Comprehensive,8164.903861,1,"The vehicle was stolen, resulting in a theft claim amounting to $8,164.90. Fortunately, no injuries were reported in connection with this incident.",Simple,0
CLM-001217,POL-009299,2023/8/16 6:40,Theft/Comprehensive,2851.269381,1,"This claim is for a theft involving a single vehicle, resulting in damages of $2,851.27. Fortunately, there were no injuries reported in this incident.",Simple,0
CLM-001218,POL-009302,2023/9/4 13:55,Theft/Comprehensive,699.6254833,1,"This claim involves a theft incident affecting a single vehicle, resulting in damages totaling $699.63. Fortunately, there were no injuries reported during this event.",Simple,0
CLM-001219,POL-009308,2023/12/22 15:21,Fender-Bender,13999.10985,1,"This claim pertains to a fender-bender involving one vehicle, resulting in damages totaling $13,999.11. Fortunately, no injuries were reported in the incident.",Simple,0
CLM-001222,POL-009327,2023/7/22 4:13,Theft/Comprehensive,679.4724407,1,"This claim involves a theft occurrence, resulting in a loss valued at $679.47 for a single vehicle. Fortunately, there were no injuries reported in relation to this incident.",Simple,0
CLM-001223,POL-009338,2024/1/10 18:06,Fender-Bender,5114.061618,1,"In this fender-bender incident, a single vehicle sustained damages totaling $5,114.06. Unfortunately, the accident resulted in injuries, underscoring the seriousness of the situation.",Moderate,0
CLM-001225,POL-009353,2024/8/7 18:20,Theft/Comprehensive,1715.086901,1,"This claim involves a theft incident resulting in damage valued at $1,715.09 to a single vehicle, with no injuries reported. The affected party is seeking compensation for the losses incurred due to this unfortunate event.",Simple,0
CLM-001228,POL-009385,2024/3/10 14:33,Theft/Comprehensive,2512.411259,2,"This claim involves a theft incident resulting in damages totaling $2,512.41, affecting two vehicles. Thankfully, no injuries were reported during the event.",Simple,0
CLM-001229,POL-009390,2023/11/25 2:55,Fender-Bender,10493.67395,1,"A fender-bender accident resulted in damage amounting to $10,493.67 to a single vehicle, but fortunately, no injuries were reported. The incident was minor in terms of personal safety, but the financial impact on the vehicle is significant.",Simple,1
CLM-001230,POL-009398,2024/2/16 20:48,Fender-Bender,4955.955893,2,"In a fender-bender involving two vehicles, damages amounting to $4,955.96 were reported, along with injuries sustained by at least one individual. The accident highlights the importance of safe driving practices to prevent such incidents.",Moderate,0
CLM-001231,POL-009414,2023/5/7 19:14,Fender-Bender,7974.017235,1,"This fender-bender resulted in significant damage amounting to $7,974.02 to the single vehicle involved; fortunately, there were no injuries reported in the incident.",Simple,1
CLM-001232,POL-009417,2023/10/16 5:11,Theft/Comprehensive,993.0640115,1,"A theft incident involving one vehicle resulted in damages amounting to $993.06. Fortunately, there were no injuries reported during this event.",Simple,0
CLM-001233,POL-009419,2023/12/29 9:06,Fender-Bender,6265.542004,4,"A fender-bender involving four vehicles resulted in damage totaling $6,265.54, but fortunately, no injuries were reported. All parties involved are safe, and the incident was handled without medical complications.",Moderate,0
CLM-001234,POL-009422,2023/11/21 1:42,Theft/Comprehensive,2591.61666,1,"This claim involves a theft incident with a total damage estimated at $2,591.62 for a single vehicle. Fortunately, no injuries were reported during the event.",Simple,0
CLM-001236,POL-009424,2024/6/1 22:20,Theft/Comprehensive,3095.162481,1,"This claim pertains to a theft incident involving a single vehicle, resulting in damages of $3,095.16. Fortunately, no injuries were sustained during the event.",Simple,0
CLM-001237,POL-009430,2023/8/23 20:55,Theft/Comprehensive,1443.19277,2,"This claim relates to a theft involving two vehicles, resulting in damages amounting to $1,443.19. Fortunately, there were no injuries reported in the incident.",Simple,0
CLM-001238,POL-009456,2024/1/15 3:31,Theft/Comprehensive,4938.476016,2,"This claim involves a theft incident resulting in damages amounting to $4,938.48 affecting two vehicles, but thankfully, no injuries were reported during the event.",Simple,0
CLM-001239,POL-009465,2023/4/20 16:55,Fender-Bender,5337.981644,3,"A fender-bender involving three vehicles caused damage totaling $5,337.98, and unfortunately, at least one person sustained injuries in the collision. The incident highlights the risks on the road, underscoring the importance of safe driving practices.",Complex,0
CLM-001241,POL-009468,2023/5/31 9:14,Theft/Comprehensive,1611.879638,5,"This claim involves a theft incident affecting five vehicles, resulting in damages totaling $1,611.88. Thankfully, there were no injuries reported during the event.",Moderate,0
CLM-001244,POL-009479,2023/6/4 6:42,Fender-Bender,7783.187189,1,"This fender-bender resulted in significant damage amounting to $7,783.19; fortunately, there were no injuries reported. Only one vehicle was involved in the incident.",Simple,0
CLM-001245,POL-009485,2023/8/4 20:39,Theft/Comprehensive,3756.098718,4,"A theft incident involving four vehicles resulted in damages amounting to $3,756.10, but fortunately, there were no injuries reported. All parties involved are safe following the event.",Moderate,0
CLM-001246,POL-009488,2024/4/22 14:30,Fender-Bender,3426.120179,2,"In a fender-bender involving two vehicles, the accident resulted in injuries that required medical attention. The estimated damage is $3,426.12.",Moderate,0
CLM-001249,POL-009504,2023/2/15 22:07,Theft/Comprehensive,1499.72286,1,"This claim is for a theft incident involving a single vehicle, with damages totaling $1,499.72. Fortunately, there were no injuries reported during this event.",Simple,1
CLM-001250,POL-009504,2023/12/11 22:07,Fender-Bender,4681.939721,3,"A minor fender-bender involving three vehicles resulted in damage totaling $4,681.94. Fortunately, there were no injuries reported during the incident.",Moderate,0
CLM-001252,POL-009527,2024/1/11 10:12,Theft/Comprehensive,3572.615094,2,"This theft incident involved two vehicles and resulted in damage totaling $3,572.62. Fortunately, no injuries were reported during the event.",Simple,0
CLM-001253,POL-009531,2023/12/12 0:46,Fender-Bender,6576.964882,1,"This fender-bender resulted in damage totaling $6,576.96 to one vehicle, but fortunately, no injuries were reported. The accident was minor, allowing all parties to avoid any physical harm.",Simple,0
CLM-001255,POL-009556,2023/9/12 18:43,Theft/Comprehensive,1303.857668,2,"This claim involves a theft incident affecting two vehicles, resulting in damages totaling $1,303.86. Thankfully, there were no injuries reported in connection with this event.",Simple,1
CLM-001256,POL-009556,2024/7/14 18:43,Theft/Comprehensive,2616.926827,1,"This claim involves the theft of a single vehicle with damages amounting to $2,616.93. Thankfully, there were no injuries reported in this incident.",Simple,1
CLM-001260,POL-009602,2023/6/24 3:55,Theft/Comprehensive,980.4868705,1,"This claim involves a theft incident affecting a single vehicle, resulting in damages amounting to $980.49. Fortunately, no injuries were reported during the incident.",Simple,0
CLM-001265,POL-009620,2024/2/25 15:58,Theft/Comprehensive,1273.904381,2,"This claim is for a theft incident involving two vehicles, resulting in damages amounting to $1,273.90. Fortunately, no injuries were reported during the event.",Simple,0
CLM-001267,POL-009624,2024/4/5 16:54,Fender-Bender,7861.263633,3,"This fender-bender involving three vehicles resulted in damage totaling $7,861.26. Fortunately, there were no injuries reported for any of the parties involved in the accident.",Moderate,0
CLM-001268,POL-009634,2023/10/29 12:24,Theft/Comprehensive,3088.985594,2,"This theft incident involved two vehicles, resulting in damages totaling $3,088.99. Fortunately, there were no injuries reported during the theft event.",Simple,0
CLM-001270,POL-009652,2023/12/27 11:09,Theft/Comprehensive,3893.839771,1,"This claim is for theft of a single vehicle, resulting in damages totaling $3,893.84. Fortunately, no injuries occurred during this incident.",Simple,0
CLM-001271,POL-009654,2024/3/21 17:02,Theft/Comprehensive,2668.036955,1,"This claim involves a theft of a single vehicle, resulting in damages amounting to $2,668.04. Fortunately, no injuries were reported during the incident.",Simple,0
CLM-001272,POL-009654,2024/3/20 17:02,Fender-Bender,5924.261416,1,"This claim involves a fender-bender with damages totaling $5,924.26, but fortunately, no injuries were reported in the incident. Only one vehicle was involved in the accident.",Simple,0
CLM-001273,POL-009660,2024/1/24 14:25,Theft/Comprehensive,3723.571391,1,"This claim pertains to the theft of a single vehicle, resulting in damages totaling $3,723.57. Fortunately, no injuries were reported during this incident.",Simple,0
CLM-001274,POL-009664,2023/11/22 20:05,Theft/Comprehensive,3036.665571,2,"This claim involves a theft incident resulting in damages of $3,036.67 affecting two vehicles. Thankfully, no injuries were reported during the event.",Simple,0
CLM-001279,POL-009687,2023/6/24 13:18,Theft/Comprehensive,1547.974879,1,"This claim is for a theft involving a single vehicle, resulting in damages totaling $1,547.97. Fortunately, there were no injuries sustained in the incident.",Simple,0
CLM-001280,POL-009693,2024/9/21 21:32,Major Collision,3371.421944,2,"This major collision involved two vehicles and resulted in one or more injuries, adding to the urgency of the situation. The total damage is estimated at $3,371.42.",Complex,0
CLM-001282,POL-009723,2024/2/17 1:51,Fender-Bender,6498.317735,1,"This claim involves a fender-bender resulting in damage amounting to $6,498.32, with only one vehicle affected. Fortunately, no injuries were reported in this incident.",Simple,0
CLM-001284,POL-009729,2024/2/18 7:29,Fender-Bender,3467.726983,1,"The accident was a minor fender-bender involving one vehicle, resulting in damage estimated at $3,467.73. Fortunately, no injuries were reported in this incident.",Simple,0
CLM-001289,POL-009760,2023/11/14 1:21,Fender-Bender,4253.480894,2,"This fender-bender involved two vehicles and resulted in damages totaling $4,253.48. Fortunately, there were no injuries reported in the incident.",Simple,0
CLM-001290,POL-009763,2023/4/27 10:45,Fender-Bender,3391.772922,1,"In a minor fender-bender, my vehicle sustained damages amounting to $3,391.77. Fortunately, there were no injuries reported as a result of the accident.",Simple,0
CLM-001291,POL-009774,2024/2/10 5:52,Fender-Bender,2762.849293,2,"A fender-bender involving two vehicles led to injuries, resulting in damage costs totaling $2,762.85. The incident underscores the importance of safe driving, especially during busy hours.",Moderate,0
CLM-001292,POL-009778,2023/4/16 5:04,Fender-Bender,7046.609954,2,"This claim involves a fender-bender with two vehicles, resulting in damages totaling $7,046.61. Fortunately, there were no injuries reported in the accident.",Simple,0
CLM-001295,POL-009801,2023/7/14 1:54,Fender-Bender,7038.803501,1,"This claim pertains to a fender-bender incident involving a single vehicle, resulting in damage amounting to $7,038.80. Fortunately, no injuries were reported in this accident.",Simple,0
CLM-001296,POL-009837,2023/9/10 16:58,Theft/Comprehensive,2794.361141,1,"This claim involves a theft incident affecting a single vehicle, resulting in damages amounting to $2,794.36. Thankfully, there were no injuries reported during the event.",Simple,0
CLM-001297,POL-009842,2023/7/18 20:31,Fender-Bender,3714.725148,2,"A minor fender-bender involving two vehicles resulted in damages amounting to $3,714.73. Fortunately, there were no injuries reported in this accident.",Simple,0
CLM-001298,POL-009847,2024/4/22 16:07,Major Collision,7682.71758,1,"The accident involved a single vehicle and resulted in significant damage amounting to $7,682.72; fortunately, there were no injuries reported. The driver is grateful to have escaped unscathed despite the extent of the collision.",Simple,1
CLM-001299,POL-009850,2024/8/8 17:53,Theft/Comprehensive,729.2241221,5,"This theft incident involved five vehicles, resulting in a total damage of $729.22. Fortunately, there were no injuries reported during the event.",Moderate,0
CLM-001300,POL-009850,2024/3/30 17:53,Theft/Comprehensive,1272.665733,1,"A theft incident involving a single vehicle resulted in damages amounting to $1,272.67. Fortunately, there were no injuries reported.",Simple,0
CLM-001304,POL-009885,2023/5/23 21:01,Theft/Comprehensive,1682.058622,1,"This claim involves a theft incident with damages amounting to $1,682.06 for a single vehicle. Thankfully, there were no injuries reported during this event.",Simple,0
CLM-001309,POL-009909,2024/2/7 8:13,Fender-Bender,9907.851804,2,"In a recent fender-bender involving two vehicles, the collision resulted in injuries, with damages totaling $9,907.85. The impact of the accident raised concerns over the wellbeing of those involved.",Complex,0
CLM-001310,POL-009940,2024/8/14 7:30,Theft/Comprehensive,2193.677909,2,"This claim involves a theft, with damages totaling $2,193.68 affecting two vehicles. Fortunately, no injuries were reported during the incident.",Simple,0
CLM-001311,POL-009941,2023/9/27 6:58,Fender-Bender,6647.298961,2,"This is a fender-bender involving two vehicles, resulting in damage totaling $6,647.30. Fortunately, there were no injuries reported in the accident.",Simple,1
CLM-001312,POL-009958,2023/9/27 17:40,Theft/Comprehensive,1836.002178,1,"This claim involves a theft of a single vehicle, resulting in damages estimated at $1,836. Fortunately, no injuries were reported in the incident.",Simple,0
CLM-001313,POL-009958,2024/2/2 17:40,Fender-Bender,8977.209851,2,"This fender-bender involved two vehicles, resulting in damage totaling $8,977.21. Thankfully, there were no injuries reported in the accident.",Simple,0
CLM-001315,POL-009995,2024/4/8 15:07,Theft/Comprehensive,2946.742166,1,"This claim pertains to a comprehensive theft incident involving one vehicle, resulting in a reported damage value of $2,946.74. Thankfully, there were no injuries associated with this event.",Simple,0
