{"mae": 3.8308629989624023, "rmse": 5.99973550849327}