{"macro_f1": 0.5169082125603865, "accuracy": 0.52, "auc": 0.5094417077175698}